city,city_ibge_code,confirmed,confirmed_per_100k_inhabitants,date,death_rate,deaths,estimated_population_2019,is_last,order_for_place,place_type,state
Rio Casca,3154903,39,287.5258,2020-06-26,0.0,0,13564.0,True,22,city,MG
Rio Espera,3155207,4,73.07271,2020-06-26,0.25,1,5474.0,True,31,city,MG
Rio Manso,3155306,25,428.66941,2020-06-26,0.12,3,5832.0,True,36,city,MG
Rio Novo,3155405,5,55.87216,2020-06-26,0.0,0,8949.0,True,50,city,MG
Rio Paranaíba,3155504,68,552.26184,2020-06-26,0.0,0,12313.0,True,35,city,MG
Rio Pardo de Minas,3155603,9,29.11302,2020-06-26,0.0,0,30914.0,True,17,city,MG
Rio Piracicaba,3155702,76,530.02301,2020-06-26,0.0,0,14339.0,True,38,city,MG
Rio Pomba,3155801,18,100.50251,2020-06-26,0.0556,1,17910.0,True,46,city,MG
Rio Vermelho,3156007,4,31.1381,2020-06-26,0.0,0,12846.0,True,24,city,MG
Rodeiro,3156304,18,221.97558,2020-06-26,0.0556,1,8109.0,True,45,city,MG
Romaria,3156403,3,84.91367,2020-06-26,0.0,0,3533.0,True,1,city,MG
Rosário da Limeira,3156452,3,65.30257,2020-06-26,0.0,0,4594.0,True,22,city,MG
Rubelita,3156502,2,33.36113,2020-06-26,0.0,0,5995.0,True,11,city,MG
Rubim,3156601,1,9.76467,2020-06-26,0.0,0,10241.0,True,7,city,MG
Sabará,3156700,177,129.81869,2020-06-26,0.0169,3,136344.0,True,92,city,MG
Sabinópolis,3156809,3,19.39237,2020-06-26,0.0,0,15470.0,True,6,city,MG
Sacramento,3156908,6,22.91388,2020-06-26,0.0,0,26185.0,True,47,city,MG
Salinas,3157005,131,315.45741,2020-06-26,0.0153,2,41527.0,True,18,city,MG
Salto da Divisa,3157104,2,28.53474,2020-06-26,0.0,0,7009.0,True,45,city,MG
Santa Bárbara,3157203,122,389.47772,2020-06-26,0.0,0,31324.0,True,50,city,MG
Santa Bárbara do Leste,3157252,14,171.8424,2020-06-26,0.0,0,8147.0,True,16,city,MG
Santa Bárbara do Tugúrio,3157302,4,90.29345,2020-06-26,0.0,0,4430.0,True,12,city,MG
Santa Cruz de Minas,3157336,16,185.96002,2020-06-26,0.125,2,8604.0,True,46,city,MG
Santa Efigênia de Minas,3157500,1,22.68088,2020-06-26,1.0,1,4409.0,True,21,city,MG
Santa Helena de Minas,3157658,2,31.4169,2020-06-26,0.0,0,6366.0,True,24,city,MG
Santa Juliana,3157708,63,449.90359,2020-06-26,0.0159,1,14003.0,True,22,city,MG
Santa Luzia,3157807,224,102.22056,2020-06-26,0.0223,5,219134.0,True,90,city,MG
Santa Margarida,3157906,14,86.3771,2020-06-26,0.0,0,16208.0,True,53,city,MG
Santa Maria de Itabira,3158003,8,73.75311,2020-06-26,0.0,0,10847.0,True,79,city,MG
Santa Maria do Salto,3158102,1,19.11315,2020-06-26,0.0,0,5232.0,True,10,city,MG
Santa Maria do Suaçuí,3158201,1,6.84229,2020-06-26,0.0,0,14615.0,True,1,city,MG
Santana da Vargem,3158300,6,84.50704,2020-06-26,0.0,0,7100.0,True,28,city,MG
Santana de Cataguases,3158409,2,51.65289,2020-06-26,0.0,0,3872.0,True,52,city,MG
Santana de Pirapama,3158508,1,13.08558,2020-06-26,0.0,0,7642.0,True,29,city,MG
Santana do Deserto,3158607,20,503.01811,2020-06-26,0.05,1,3976.0,True,31,city,MG
Santana do Manhuaçu,3158904,2,23.05741,2020-06-26,0.0,0,8674.0,True,7,city,MG
Santana do Paraíso,3158953,317,914.5198,2020-06-26,0.0284,9,34663.0,True,86,city,MG
Santa Rita de Jacutinga,3159308,5,102.3751,2020-06-26,0.2,1,4884.0,True,48,city,MG
Santa Rita do Itueto,3159506,1,18.21825,2020-06-26,0.0,0,5489.0,True,3,city,MG
Santa Rita do Sapucaí,3159605,21,48.54369,2020-06-26,0.0476,1,43260.0,True,58,city,MG
Santa Rosa da Serra,3159704,6,179.10448,2020-06-26,0.0,0,3350.0,True,35,city,MG
Santa Vitória,3159803,18,91.17617,2020-06-26,0.0,0,19742.0,True,34,city,MG
Santo Antônio do Amparo,3159902,40,215.92443,2020-06-26,0.025,1,18525.0,True,43,city,MG
Santo Antônio do Aventureiro,3160009,1,27.76235,2020-06-26,0.0,0,3602.0,True,47,city,MG
Santo Antônio do Jacinto,3160306,16,137.45704,2020-06-26,0.0625,1,11640.0,True,28,city,MG
Santo Antônio do Monte,3160405,35,123.92451,2020-06-26,0.0,0,28243.0,True,86,city,MG
Santo Antônio do Rio Abaixo,3160504,2,113.31445,2020-06-26,0.0,0,1765.0,True,1,city,MG
Santo Hipólito,3160603,11,356.33301,2020-06-26,0.0,0,3087.0,True,18,city,MG
Santos Dumont,3160702,56,120.46379,2020-06-26,0.0179,1,46487.0,True,70,city,MG
São Bento Abade,3160801,2,37.83579,2020-06-26,0.0,0,5286.0,True,7,city,MG
São Brás do Suaçuí,3160900,2,53.50455,2020-06-26,0.0,0,3738.0,True,77,city,MG
São Domingos das Dores,3160959,10,177.17931,2020-06-26,0.0,0,5644.0,True,13,city,MG
São Domingos do Prata,3161007,7,40.3249,2020-06-26,0.0,0,17359.0,True,43,city,MG
São Félix de Minas,3161056,7,207.77679,2020-06-26,0.0,0,3369.0,True,2,city,MG
São Francisco,3161106,33,58.59063,2020-06-26,0.1212,4,56323.0,True,66,city,MG
São Francisco de Paula,3161205,2,30.64195,2020-06-26,0.0,0,6527.0,True,42,city,MG
São Francisco do Glória,3161403,5,103.22048,2020-06-26,0.2,1,4844.0,True,51,city,MG
São Geraldo,3161502,4,32.34676,2020-06-26,0.0,0,12366.0,True,32,city,MG
São Geraldo da Piedade,3161601,4,100.95911,2020-06-26,0.25,1,3962.0,True,66,city,MG
São Geraldo do Baixio,3161650,2,49.85045,2020-06-26,0.0,0,4012.0,True,1,city,MG
São Gonçalo do Abaeté,3161700,5,59.60186,2020-06-26,0.0,0,8389.0,True,14,city,MG
São Gonçalo do Pará,3161809,7,56.40158,2020-06-26,0.0,0,12411.0,True,20,city,MG
São Gonçalo do Rio Abaixo,3161908,38,347.98535,2020-06-26,0.0263,1,10920.0,True,39,city,MG
São Gonçalo do Rio Preto,3125507,1,31.57562,2020-06-26,0.0,0,3167.0,True,15,city,MG
São Gonçalo do Sapucaí,3162005,2,7.85885,2020-06-26,0.0,0,25449.0,True,42,city,MG
São Gotardo,3162104,58,163.52308,2020-06-26,0.0,0,35469.0,True,77,city,MG
São João Batista do Glória,3162203,7,93.92191,2020-06-26,0.0,0,7453.0,True,17,city,MG
São João da Lagoa,3162252,2,40.69176,2020-06-26,0.0,0,4915.0,True,9,city,MG
São João da Mata,3162302,5,181.88432,2020-06-26,0.0,0,2749.0,True,48,city,MG
São João da Ponte,3162401,3,11.92132,2020-06-26,0.3333,1,25165.0,True,9,city,MG
São João das Missões,3162450,1,7.68403,2020-06-26,0.0,0,13014.0,True,4,city,MG
São João del Rei,3162500,178,197.59774,2020-06-26,0.0225,4,90082.0,True,93,city,MG
São João do Manhuaçu,3162559,6,51.9076,2020-06-26,0.1667,1,11559.0,True,49,city,MG
São João do Manteninha,3162575,34,580.30381,2020-06-26,0.0,0,5859.0,True,43,city,MG
São João do Oriente,3162609,4,53.34756,2020-06-26,0.5,2,7498.0,True,29,city,MG
São João do Paraíso,3162708,15,63.51088,2020-06-26,0.0,0,23618.0,True,52,city,MG
São João Evangelista,3162807,1,6.33955,2020-06-26,1.0,1,15774.0,True,6,city,MG
São João Nepomuceno,3162906,14,53.10876,2020-06-26,0.0714,1,26361.0,True,80,city,MG
São Joaquim de Bicas,3162922,57,180.50542,2020-06-26,0.1053,6,31578.0,True,45,city,MG
São José da Barra,3162948,5,67.331,2020-06-26,0.0,0,7426.0,True,39,city,MG
São José da Lapa,3162955,38,159.89228,2020-06-26,0.0526,2,23766.0,True,68,city,MG
São José da Safira,3163003,54,1265.22962,2020-06-26,0.0,0,4268.0,True,28,city,MG
São José do Divino,3163300,3,77.72021,2020-06-26,0.0,0,3860.0,True,27,city,MG
São José do Goiabal,3163409,3,55.35055,2020-06-26,0.0,0,5420.0,True,1,city,MG
São José do Mantimento,3163607,3,107.48836,2020-06-26,0.0,0,2791.0,True,10,city,MG
São Lourenço,3163706,73,159.21136,2020-06-26,0.0137,1,45851.0,True,78,city,MG
São Miguel do Anta,3163805,2,28.82675,2020-06-26,0.0,0,6938.0,True,16,city,MG
São Pedro do Suaçuí,3164100,3,57.18643,2020-06-26,0.3333,1,5246.0,True,21,city,MG
São Romão,3164209,8,64.84559,2020-06-26,0.125,1,12337.0,True,62,city,MG
São Roque de Minas,3164308,2,28.36477,2020-06-26,0.0,0,7051.0,True,21,city,MG
São Sebastião da Vargem Alegre,3164431,3,99.76721,2020-06-26,0.0,0,3007.0,True,36,city,MG
São Sebastião do Anta,3164472,2,30.51106,2020-06-26,0.0,0,6555.0,True,38,city,MG
São Sebastião do Maranhão,3164506,1,9.95619,2020-06-26,0.0,0,10044.0,True,14,city,MG
São Sebastião do Oeste,3164605,56,826.56827,2020-06-26,0.0,0,6775.0,True,59,city,MG
São Sebastião do Paraíso,3164704,37,52.14499,2020-06-26,0.027,1,70956.0,True,71,city,MG
São Sebastião do Rio Preto,3164803,3,199.20319,2020-06-26,0.0,0,1506.0,True,42,city,MG
São Tiago,3165008,4,36.55973,2020-06-26,0.0,0,10941.0,True,32,city,MG
São Tomás de Aquino,3165107,3,42.72896,2020-06-26,0.3333,1,7021.0,True,74,city,MG
São Vicente de Minas,3165305,3,38.6947,2020-06-26,0.0,0,7753.0,True,53,city,MG
Sardoá,3165503,4,63.49206,2020-06-26,0.0,0,6300.0,True,17,city,MG
Sarzedo,3165537,59,180.14167,2020-06-26,0.0339,2,32752.0,True,83,city,MG
Sem-Peixe,3165560,3,113.93847,2020-06-26,0.0,0,2633.0,True,7,city,MG
Senador Amaral,3165578,7,130.69455,2020-06-26,0.0,0,5356.0,True,82,city,MG
Senador Cortes,3165602,4,199.50125,2020-06-26,0.0,0,2005.0,True,32,city,MG
Senador Firmino,3165701,6,76.80492,2020-06-26,0.1667,1,7812.0,True,15,city,MG
Senador José Bento,3165800,4,266.31158,2020-06-26,0.0,0,1502.0,True,57,city,MG
Senador Modestino Gonçalves,3165909,1,24.0616,2020-06-26,1.0,1,4156.0,True,25,city,MG
Senhora de Oliveira,3166006,5,86.41549,2020-06-26,0.0,0,5786.0,True,3,city,MG
Senhora do Porto,3166105,2,56.7698,2020-06-26,0.0,0,3523.0,True,64,city,MG
Senhora dos Remédios,3166204,3,28.68343,2020-06-26,0.0,0,10459.0,True,18,city,MG
Serra dos Aimorés,3166709,6,68.97345,2020-06-26,0.0,0,8699.0,True,9,city,MG
Serra do Salitre,3166808,71,613.0202,2020-06-26,0.0,0,11582.0,True,90,city,MG
Serrania,3166907,4,52.15804,2020-06-26,0.0,0,7669.0,True,38,city,MG
Serranópolis de Minas,3166956,1,20.91613,2020-06-26,0.0,0,4781.0,True,32,city,MG
Serranos,3167004,1,50.94244,2020-06-26,0.0,0,1963.0,True,15,city,MG
Serro,3167103,14,66.77478,2020-06-26,0.0,0,20966.0,True,38,city,MG
Sete Lagoas,3167202,167,69.68816,2020-06-26,0.012,2,239639.0,True,101,city,MG
Silveirânia,3167301,3,132.68465,2020-06-26,0.0,0,2261.0,True,22,city,MG
Silvianópolis,3167400,2,32.06156,2020-06-26,0.0,0,6238.0,True,30,city,MG
Simão Pereira,3167509,3,114.72275,2020-06-26,0.0,0,2615.0,True,36,city,MG
Simonésia,3167608,11,56.02812,2020-06-26,0.0,0,19633.0,True,14,city,MG
Sobrália,3167707,2,36.01657,2020-06-26,0.0,0,5553.0,True,69,city,MG
Tabuleiro,3167905,2,53.33333,2020-06-26,0.0,0,3750.0,True,51,city,MG
Taiobeiras,3168002,32,93.75366,2020-06-26,0.0312,1,34132.0,True,18,city,MG
Taparuba,3168051,4,128.61736,2020-06-26,0.0,0,3110.0,True,32,city,MG
Tapira,3168101,20,419.02367,2020-06-26,0.0,0,4773.0,True,35,city,MG
Taquaraçu de Minas,3168309,1,24.52784,2020-06-26,0.0,0,4077.0,True,1,city,MG
Teixeiras,3168507,3,25.72678,2020-06-26,0.0,0,11661.0,True,30,city,MG
Teófilo Otoni,3168606,688,489.35928,2020-06-26,0.0392,27,140592.0,True,66,city,MG
Timóteo,3168705,204,227.06529,2020-06-26,0.0147,3,89842.0,True,96,city,MG
Tiradentes,3168804,2,25.05952,2020-06-26,0.5,1,7981.0,True,17,city,MG
Tiros,3168903,1,15.4321,2020-06-26,0.0,0,6480.0,True,1,city,MG
Tocantins,3169000,34,204.09388,2020-06-26,0.0,0,16659.0,True,35,city,MG
Toledo,3169109,16,255.67274,2020-06-26,0.125,2,6258.0,True,86,city,MG
Tombos,3169208,48,598.35453,2020-06-26,0.0,0,8022.0,True,51,city,MG
Três Corações,3169307,140,176.14051,2020-06-26,0.0357,5,79482.0,True,60,city,MG
Três Marias,3169356,32,98.89974,2020-06-26,0.0312,1,32356.0,True,65,city,MG
Três Pontas,3169406,50,88.11194,2020-06-26,0.02,1,56746.0,True,70,city,MG
Tupaciguara,3169604,45,177.676,2020-06-26,0.0,0,25327.0,True,64,city,MG
Turmalina,3169703,1,5.00902,2020-06-26,0.0,0,19964.0,True,20,city,MG
Ubá,3169901,125,108.17641,2020-06-26,0.024,3,115552.0,True,82,city,MG
Ubaí,3170008,2,15.95787,2020-06-26,0.0,0,12533.0,True,38,city,MG
Ubaporanga,3170057,36,288.66971,2020-06-26,0.0,0,12471.0,True,23,city,MG
Uberaba,3170107,626,187.547,2020-06-26,0.0367,23,333783.0,True,98,city,MG
Uberlândia,3170206,5827,842.89858,2020-06-26,0.0125,73,691305.0,True,101,city,MG
Unaí,3170404,353,418.3555,2020-06-26,0.0028,1,84378.0,True,89,city,MG
União de Minas,3170438,41,952.60223,2020-06-26,0.0,0,4304.0,True,21,city,MG
Uruana de Minas,3170479,1,30.63725,2020-06-26,0.0,0,3264.0,True,2,city,MG
Urucânia,3170503,27,260.66808,2020-06-26,0.0,0,10358.0,True,27,city,MG
Urucuia,3170529,15,88.9416,2020-06-26,0.0667,1,16865.0,True,17,city,MG
Vargem Alegre,3170578,29,447.53086,2020-06-26,0.0,0,6480.0,True,50,city,MG
Varginha,3170701,140,103.27683,2020-06-26,0.0357,5,135558.0,True,84,city,MG
Varjão de Minas,3170750,3,42.63786,2020-06-26,0.3333,1,7036.0,True,45,city,MG
Várzea da Palma,3170800,41,103.81587,2020-06-26,0.0,0,39493.0,True,45,city,MG
Varzelândia,3170909,9,46.58385,2020-06-26,0.1111,1,19320.0,True,69,city,MG
Vazante,3171006,163,791.64643,2020-06-26,0.0,0,20590.0,True,80,city,MG
Vespasiano,3171204,68,53.29112,2020-06-26,0.0294,2,127601.0,True,69,city,MG
Viçosa,3171303,55,69.75623,2020-06-26,0.0,0,78846.0,True,69,city,MG
Vieiras,3171402,5,138.58093,2020-06-26,0.0,0,3608.0,True,29,city,MG
Virgem da Lapa,3171600,2,14.54334,2020-06-26,0.0,0,13752.0,True,10,city,MG
Virginópolis,3171808,0,,2020-06-26,0.0,0,10510.0,True,5,city,MG
Virgolândia,3171907,3,55.76208,2020-06-26,0.0,0,5380.0,True,1,city,MG
Visconde do Rio Branco,3172004,34,79.87971,2020-06-26,0.0294,1,42564.0,True,44,city,MG
Volta Grande,3172103,4,76.16146,2020-06-26,0.0,0,5252.0,True,1,city,MG
Wenceslau Braz,3172202,4,156.73981,2020-06-26,0.0,0,2552.0,True,52,city,MG
,31,38891,183.71857,2020-06-26,0.0214,833,21168791.0,True,110,state,MG
,51,13026,373.8306,2020-06-26,0.0368,480,3484466.0,True,96,state,MT
Abaetetuba,1500107,2276,1443.26497,2020-06-26,0.0426,97,157698.0,True,87,city,PA
Abel Figueiredo,1500131,64,860.90934,2020-06-26,0.0156,1,7434.0,True,50,city,PA
Acará,1500206,450,809.48355,2020-06-26,0.02,9,55591.0,True,76,city,PA
Afuá,1500305,653,1665.05176,2020-06-26,0.0061,4,39218.0,True,70,city,PA
Água Azul do Norte,1500347,63,229.67554,2020-06-26,0.0,0,27430.0,True,57,city,PA
Alenquer,1500404,479,843.47321,2020-06-26,0.0376,18,56789.0,True,64,city,PA
Almeirim,1500503,124,363.54041,2020-06-26,0.0806,10,34109.0,True,62,city,PA
Altamira,1500602,1482,1293.26143,2020-06-26,0.0351,52,114594.0,True,84,city,PA
Anajás,1500701,260,888.06913,2020-06-26,0.0346,9,29277.0,True,64,city,PA
Ananindeua,1500800,4085,769.88605,2020-06-26,0.0798,326,530598.0,True,93,city,PA
Anapu,1500859,442,1584.79742,2020-06-26,0.0136,6,27890.0,True,63,city,PA
Augusto Corrêa,1500909,557,1210.92221,2020-06-26,0.0269,15,45998.0,True,67,city,PA
Aurora do Pará,1500958,261,832.85468,2020-06-26,0.023,6,31338.0,True,63,city,PA
Aveiro,1501006,110,671.22285,2020-06-26,0.0182,2,16388.0,True,32,city,PA
Bagre,1501105,184,599.87611,2020-06-26,0.038,7,30673.0,True,61,city,PA
Baião,1501204,213,448.93142,2020-06-26,0.0423,9,47446.0,True,58,city,PA
Bannach,1501253,41,1247.71759,2020-06-26,0.0732,3,3286.0,True,57,city,PA
Barcarena,1501303,1615,1295.31601,2020-06-26,0.0601,97,124680.0,True,86,city,PA
Belém,1501402,18751,1256.14221,2020-06-26,0.1007,1889,1492745.0,True,100,city,PA
Belterra,1501451,32,180.4647,2020-06-26,0.1562,5,17732.0,True,55,city,PA
Benevides,1501501,1272,2027.51168,2020-06-26,0.0377,48,62737.0,True,84,city,PA
Bom Jesus do Tocantins,1501576,76,447.55904,2020-06-26,0.0,0,16981.0,True,61,city,PA
Bonito,1501600,178,1092.96328,2020-06-26,0.0337,6,16286.0,True,60,city,PA
Bragança,1501709,1668,1306.32959,2020-06-26,0.0402,67,127686.0,True,73,city,PA
Brasil Novo,1501725,199,1319.1038,2020-06-26,0.0101,2,15086.0,True,47,city,PA
Brejo Grande do Araguaia,1501758,35,474.25474,2020-06-26,0.0,0,7380.0,True,39,city,PA
Breu Branco,1501782,180,272.53732,2020-06-26,0.0778,14,66046.0,True,55,city,PA
Breves,1501808,1092,1063.28079,2020-06-26,0.0641,70,102701.0,True,67,city,PA
Bujaru,1501907,191,655.63641,2020-06-26,0.0942,18,29132.0,True,76,city,PA
Cachoeira do Arari,1502004,117,492.27921,2020-06-26,0.0769,9,23767.0,True,72,city,PA
Cachoeira do Piriá,1501956,205,604.71976,2020-06-26,0.0,0,33900.0,True,55,city,PA
Cametá,1502103,3127,2267.74966,2020-06-26,0.024,75,137890.0,True,81,city,PA
Canaã dos Carajás,1502152,2068,5576.37859,2020-06-26,0.0116,24,37085.0,True,73,city,PA
Capanema,1502202,830,1202.42804,2020-06-26,0.0651,54,69027.0,True,74,city,PA
Capitão Poço,1502301,424,780.80401,2020-06-26,0.0542,23,54303.0,True,72,city,PA
Castanhal,1502400,1517,755.50442,2020-06-26,0.1094,166,200793.0,True,92,city,PA
Chaves,1502509,139,586.0775,2020-06-26,0.0072,1,23717.0,True,54,city,PA
Colares,1502608,71,587.50517,2020-06-26,0.1127,8,12085.0,True,67,city,PA
Conceição do Araguaia,1502707,171,357.26224,2020-06-26,0.0234,4,47864.0,True,74,city,PA
Concórdia do Pará,1502756,525,1575.72483,2020-06-26,0.0152,8,33318.0,True,64,city,PA
Cumaru do Norte,1502764,182,1350.84985,2020-06-26,0.022,4,13473.0,True,38,city,PA
Curionópolis,1502772,645,3597.52357,2020-06-26,0.014,9,17929.0,True,65,city,PA
Curralinho,1502806,172,499.3033,2020-06-26,0.0407,7,34448.0,True,72,city,PA
Curuá,1502855,25,173.69555,2020-06-26,0.0,0,14393.0,True,49,city,PA
Curuçá,1502905,1063,2653.12235,2020-06-26,0.0452,48,40066.0,True,65,city,PA
Dom Eliseu,1502939,544,910.93287,2020-06-26,0.0129,7,59719.0,True,58,city,PA
Eldorado do Carajás,1502954,148,437.76621,2020-06-26,0.027,4,33808.0,True,55,city,PA
Faro,1503002,15,208.50709,2020-06-26,0.0,0,7194.0,True,49,city,PA
Floresta do Araguaia,1503044,56,275.80772,2020-06-26,0.0,0,20304.0,True,46,city,PA
Garrafão do Norte,1503077,360,1381.10949,2020-06-26,0.0139,5,26066.0,True,65,city,PA
Goianésia do Pará,1503093,96,237.18345,2020-06-26,0.0417,4,40475.0,True,84,city,PA
Gurupá,1503101,584,1749.76031,2020-06-26,0.0154,9,33376.0,True,48,city,PA
Igarapé-Açu,1503200,396,1020.43446,2020-06-26,0.053,21,38807.0,True,68,city,PA
Igarapé-Miri,1503309,964,1537.52911,2020-06-26,0.0311,30,62698.0,True,61,city,PA
Importados/Indefinidos,,0,,2020-06-26,0.0,0,,True,67,city,PA
Inhangapi,1503408,50,426.94902,2020-06-26,0.08,4,11711.0,True,66,city,PA
Ipixuna do Pará,1503457,367,572.96302,2020-06-26,0.0245,9,64053.0,True,58,city,PA
Irituia,1503507,262,804.91551,2020-06-26,0.0229,6,32550.0,True,61,city,PA
Itaituba,1503606,2344,2315.13032,2020-06-26,0.0171,40,101247.0,True,92,city,PA
Itupiranga,1503705,156,292.85325,2020-06-26,0.0385,6,53269.0,True,48,city,PA
Jacareacanga,1503754,370,4490.83627,2020-06-26,0.0189,7,8239.0,True,49,city,PA
Jacundá,1503804,398,672.80872,2020-06-26,0.0226,9,59155.0,True,58,city,PA
Juruti,1503903,542,935.40203,2020-06-26,0.0923,50,57943.0,True,72,city,PA
Limoeiro do Ajuru,1504000,473,1634.69846,2020-06-26,0.0254,12,28935.0,True,63,city,PA
Mãe do Rio,1504059,329,1093.85909,2020-06-26,0.0608,20,30077.0,True,67,city,PA
Magalhães Barata,1504109,114,1333.6453,2020-06-26,0.0702,8,8548.0,True,52,city,PA
Marabá,1504208,3517,1258.9986,2020-06-26,0.0378,133,279349.0,True,95,city,PA
Maracanã,1504307,97,329.11478,2020-06-26,0.1237,12,29473.0,True,58,city,PA
Marapanim,1504406,340,1199.88707,2020-06-26,0.0471,16,28336.0,True,72,city,PA
Marituba,1504422,616,468.36627,2020-06-26,0.0909,56,131521.0,True,87,city,PA
Medicilândia,1504455,349,1104.53524,2020-06-26,0.0115,4,31597.0,True,52,city,PA
Melgaço,1504505,185,668.98098,2020-06-26,0.0378,7,27654.0,True,60,city,PA
Mocajuba,1504604,674,2164.69681,2020-06-26,0.0267,18,31136.0,True,61,city,PA
Moju,1504703,1137,1384.99769,2020-06-26,0.0255,29,82094.0,True,58,city,PA
Mojuí dos Campos,1504752,248,1541.905,2020-06-26,0.0323,8,16084.0,True,45,city,PA
Monte Alegre,1504802,462,796.11249,2020-06-26,0.0325,15,58032.0,True,72,city,PA
Muaná,1504901,159,394.06181,2020-06-26,0.0692,11,40349.0,True,72,city,PA
Nova Esperança do Piriá,1504950,330,1544.36541,2020-06-26,0.0182,6,21368.0,True,61,city,PA
Nova Ipixuna,1504976,158,947.3558,2020-06-26,0.019,3,16678.0,True,73,city,PA
Nova Timboteua,1505007,117,761.57001,2020-06-26,0.0085,1,15363.0,True,63,city,PA
Novo Progresso,1505031,327,1269.31139,2020-06-26,0.0031,1,25762.0,True,84,city,PA
Novo Repartimento,1505064,96,126.45056,2020-06-26,0.125,12,75919.0,True,50,city,PA
Óbidos,1505106,112,214.81865,2020-06-26,0.0446,5,52137.0,True,73,city,PA
Oeiras do Pará,1505205,357,1098.0561,2020-06-26,0.0588,21,32512.0,True,84,city,PA
Oriximiná,1505304,855,1169.69465,2020-06-26,0.0246,21,73096.0,True,67,city,PA
Ourém,1505403,114,638.94182,2020-06-26,0.0175,2,17842.0,True,67,city,PA
Ourilândia do Norte,1505437,1022,3112.81676,2020-06-26,0.0029,3,32832.0,True,57,city,PA
Pacajá,1505486,257,538.7163,2020-06-26,0.0272,7,47706.0,True,66,city,PA
Palestina do Pará,1505494,29,382.13203,2020-06-26,0.0345,1,7589.0,True,42,city,PA
Paragominas,1505502,1355,1197.57833,2020-06-26,0.0546,74,113145.0,True,63,city,PA
Parauapebas,1505536,9593,4605.97389,2020-06-26,0.0116,111,208273.0,True,90,city,PA
Pau D'Arco,1505551,34,620.09849,2020-06-26,0.0294,1,5483.0,True,53,city,PA
Peixe-Boi,1505601,61,755.2309,2020-06-26,0.0328,2,8077.0,True,57,city,PA
Piçarra,1505635,83,639.39604,2020-06-26,0.0,0,12981.0,True,39,city,PA
Placas,1505650,116,374.41095,2020-06-26,0.0,0,30982.0,True,23,city,PA
Ponta de Pedras,1505700,281,904.06023,2020-06-26,0.0214,6,31082.0,True,63,city,PA
Portel,1505809,684,1102.4612,2020-06-26,0.0512,35,62043.0,True,52,city,PA
Porto de Moz,1505908,501,1217.94093,2020-06-26,0.0439,22,41135.0,True,63,city,PA
Prainha,1506005,130,435.27757,2020-06-26,0.0308,4,29866.0,True,57,city,PA
Primavera,1506104,193,1782.90993,2020-06-26,0.0363,7,10825.0,True,71,city,PA
Quatipuru,1506112,246,1807.76014,2020-06-26,0.0366,9,13608.0,True,76,city,PA
Redenção,1506138,981,1157.017,2020-06-26,0.0143,14,84787.0,True,65,city,PA
Rio Maria,1506161,389,2138.18502,2020-06-26,0.0051,2,18193.0,True,55,city,PA
Rondon do Pará,1506187,143,273.12489,2020-06-26,0.0909,13,52357.0,True,73,city,PA
Rurópolis,1506195,365,722.62918,2020-06-26,0.0082,3,50510.0,True,43,city,PA
Salinópolis,1506203,409,1005.53165,2020-06-26,0.0733,30,40675.0,True,74,city,PA
Salvaterra,1506302,272,1145.16672,2020-06-26,0.0441,12,23752.0,True,68,city,PA
Santa Bárbara do Pará,1506351,220,1043.69277,2020-06-26,0.0455,10,21079.0,True,73,city,PA
Santa Cruz do Arari,1506401,88,868.87836,2020-06-26,0.0568,5,10128.0,True,68,city,PA
Santa Izabel do Pará,1506500,439,620.04774,2020-06-26,0.0683,30,70801.0,True,67,city,PA
Santa Luzia do Pará,1506559,119,599.55663,2020-06-26,0.0588,7,19848.0,True,55,city,PA
Santa Maria das Barreiras,1506583,66,307.70665,2020-06-26,0.0303,2,21449.0,True,36,city,PA
Santa Maria do Pará,1506609,158,635.53357,2020-06-26,0.0949,15,24861.0,True,66,city,PA
Santana do Araguaia,1506708,116,159.30346,2020-06-26,0.0259,3,72817.0,True,49,city,PA
Santarém,1506807,3043,999.05118,2020-06-26,0.0529,161,304589.0,True,86,city,PA
Santarém Novo,1506906,114,1699.21002,2020-06-26,0.0263,3,6709.0,True,56,city,PA
Santo Antônio do Tauá,1507003,324,1029.15952,2020-06-26,0.0679,22,31482.0,True,80,city,PA
São Caetano de Odivelas,1507102,338,1872.57618,2020-06-26,0.0444,15,18050.0,True,65,city,PA
São Domingos do Araguaia,1507151,244,954.72865,2020-06-26,0.0164,4,25557.0,True,52,city,PA
São Domingos do Capim,1507201,65,203.19485,2020-06-26,0.0462,3,31989.0,True,61,city,PA
São Félix do Xingu,1507300,461,358.80792,2020-06-26,0.013,6,128481.0,True,59,city,PA
São Francisco do Pará,1507409,66,415.56479,2020-06-26,0.0455,3,15882.0,True,47,city,PA
São Geraldo do Araguaia,1507458,267,1074.57641,2020-06-26,0.0449,12,24847.0,True,84,city,PA
São João da Ponta,1507466,23,374.65385,2020-06-26,0.087,2,6139.0,True,60,city,PA
São João de Pirabas,1507474,164,711.65112,2020-06-26,0.0915,15,23045.0,True,64,city,PA
São João do Araguaia,1507508,18,128.60817,2020-06-26,0.1111,2,13996.0,True,65,city,PA
São Miguel do Guamá,1507607,944,1600.37975,2020-06-26,0.0275,26,58986.0,True,76,city,PA
São Sebastião da Boa Vista,1507706,253,949.6997,2020-06-26,0.0316,8,26640.0,True,66,city,PA
Sapucaia,1507755,54,910.62395,2020-06-26,0.037,2,5930.0,True,45,city,PA
Senador José Porfírio,1507805,372,3190.94184,2020-06-26,0.0403,15,11658.0,True,54,city,PA
Soure,1507904,223,878.85237,2020-06-26,0.0359,8,25374.0,True,49,city,PA
Tailândia,1507953,936,880.20388,2020-06-26,0.0235,22,106339.0,True,66,city,PA
Terra Alta,1507961,155,1322.5256,2020-06-26,0.0581,9,11720.0,True,67,city,PA
Terra Santa,1507979,140,745.91081,2020-06-26,0.0143,2,18769.0,True,55,city,PA
Tomé-Açu,1508001,547,862.1369,2020-06-26,0.0567,31,63447.0,True,63,city,PA
Tracuateua,1508035,320,1033.62512,2020-06-26,0.0344,11,30959.0,True,66,city,PA
Trairão,1508050,156,821.52825,2020-06-26,0.0128,2,18989.0,True,45,city,PA
Tucumã,1508084,663,1674.15787,2020-06-26,0.0121,8,39602.0,True,73,city,PA
Tucuruí,1508100,1022,899.18088,2020-06-26,0.0783,80,113659.0,True,87,city,PA
Ulianópolis,1508126,389,656.98362,2020-06-26,0.0257,10,59210.0,True,52,city,PA
Uruará,1508159,393,864.1921,2020-06-26,0.0102,4,45476.0,True,55,city,PA
Vigia,1508209,194,361.3605,2020-06-26,0.0979,19,53686.0,True,72,city,PA
Viseu,1508308,848,1381.04001,2020-06-26,0.0177,15,61403.0,True,63,city,PA
Vitória do Xingu,1508357,496,3277.38866,2020-06-26,0.0262,13,15134.0,True,49,city,PA
Xinguara,1508407,599,1338.51758,2020-06-26,0.0184,11,44751.0,True,67,city,PA
,15,99313,1154.41774,2020-06-26,0.0487,4834,8602865.0,True,101,state,PA
,25,42832,1065.96929,2020-06-26,0.0202,864,4018127.0,True,104,state,PB
,26,55804,583.90275,2020-06-26,0.0826,4610,9557071.0,True,107,state,PE
Acauã,2200053,4,56.46527,2020-06-26,0.0,0,7084.0,True,24,city,PI
Agricolândia,2200103,10,194.59039,2020-06-26,0.0,0,5139.0,True,16,city,PI
Água Branca,2200202,207,1188.90357,2020-06-26,0.0628,13,17411.0,True,65,city,PI
Alagoinha do Piauí,2200251,15,196.0528,2020-06-26,0.0,0,7651.0,True,30,city,PI
Alegrete do Piauí,2200277,1,20.34588,2020-06-26,0.0,0,4915.0,True,12,city,PI
Alto Longá,2200301,25,174.77629,2020-06-26,0.04,1,14304.0,True,46,city,PI
Altos,2200400,337,831.60596,2020-06-26,0.0119,4,40524.0,True,73,city,PI
Alvorada do Gurguéia,2200459,3,55.36077,2020-06-26,0.0,0,5419.0,True,64,city,PI
Amarante,2200509,9,51.14218,2020-06-26,0.0,0,17598.0,True,56,city,PI
Angical do Piauí,2200608,16,235.71008,2020-06-26,0.0625,1,6788.0,True,70,city,PI
Anísio de Abreu,2200707,18,182.18623,2020-06-26,0.0,0,9880.0,True,63,city,PI
Aroazes,2200905,9,154.24165,2020-06-26,0.1111,1,5835.0,True,59,city,PI
Assunção do Piauí,2201051,4,50.98139,2020-06-26,0.0,0,7846.0,True,12,city,PI
Avelino Lopes,2201101,3,26.57454,2020-06-26,0.0,0,11289.0,True,40,city,PI
Baixa Grande do Ribeiro,2201150,45,388.39979,2020-06-26,0.0444,2,11586.0,True,51,city,PI
Barra D'Alcântara,2201176,1,25.31005,2020-06-26,0.0,0,3951.0,True,4,city,PI
Barras,2201200,509,1081.46008,2020-06-26,0.0275,14,47066.0,True,61,city,PI
Barreiras do Piauí,2201309,2,59.73716,2020-06-26,0.0,0,3348.0,True,35,city,PI
Barro Duro,2201408,41,583.04892,2020-06-26,0.0244,1,7032.0,True,33,city,PI
Batalha,2201507,124,461.70458,2020-06-26,0.0323,4,26857.0,True,54,city,PI
Bela Vista do Piauí,2201556,1,24.9066,2020-06-26,0.0,0,4015.0,True,43,city,PI
Belém do Piauí,2201572,8,224.341,2020-06-26,0.125,1,3566.0,True,39,city,PI
Beneditinos,2201606,13,124.19987,2020-06-26,0.2308,3,10467.0,True,54,city,PI
Bertolínia,2201705,12,218.14216,2020-06-26,0.0,0,5501.0,True,55,city,PI
Betânia do Piauí,2201739,3,48.34811,2020-06-26,0.0,0,6205.0,True,68,city,PI
Boa Hora,2201770,32,471.9068,2020-06-26,0.0,0,6781.0,True,59,city,PI
Bocaina,2201804,13,288.88889,2020-06-26,0.0,0,4500.0,True,36,city,PI
Bom Jesus,2201903,238,945.23214,2020-06-26,0.0,0,25179.0,True,64,city,PI
Bom Princípio do Piauí,2201919,12,213.14387,2020-06-26,0.0833,1,5630.0,True,71,city,PI
Bonfim do Piauí,2201929,1,17.63668,2020-06-26,0.0,0,5670.0,True,73,city,PI
Boqueirão do Piauí,2201945,29,452.62994,2020-06-26,0.0,0,6407.0,True,21,city,PI
Brasileira,2201960,32,384.19978,2020-06-26,0.0,0,8329.0,True,32,city,PI
Buriti dos Lopes,2202000,230,1162.73191,2020-06-26,0.013,3,19781.0,True,62,city,PI
Buriti dos Montes,2202026,4,48.52014,2020-06-26,0.25,1,8244.0,True,38,city,PI
Cabeceiras do Piauí,2202059,19,179.48234,2020-06-26,0.0,0,10586.0,True,39,city,PI
Cajazeiras do Piauí,2202075,4,112.39112,2020-06-26,0.0,0,3559.0,True,35,city,PI
Cajueiro da Praia,2202083,72,942.16174,2020-06-26,0.0278,2,7642.0,True,24,city,PI
Caldeirão Grande do Piauí,2202091,15,259.69529,2020-06-26,0.0,0,5776.0,True,35,city,PI
Campinas do Piauí,2202109,5,89.07892,2020-06-26,0.0,0,5613.0,True,30,city,PI
Campo Alegre do Fidalgo,2202117,1,19.82161,2020-06-26,0.0,0,5045.0,True,31,city,PI
Campo Grande do Piauí,2202133,36,605.75467,2020-06-26,0.0278,1,5943.0,True,43,city,PI
Campo Largo do Piauí,2202174,17,233.54856,2020-06-26,0.1176,2,7279.0,True,36,city,PI
Campo Maior,2202208,644,1375.09876,2020-06-26,0.014,9,46833.0,True,85,city,PI
Canto do Buriti,2202307,17,80.23788,2020-06-26,0.0588,1,21187.0,True,63,city,PI
Capitão de Campos,2202406,27,236.48945,2020-06-26,0.0,0,11417.0,True,39,city,PI
Capitão Gervásio Oliveira,2202455,5,121.95122,2020-06-26,0.0,0,4100.0,True,37,city,PI
Caracol,2202505,8,73.28692,2020-06-26,0.0,0,10916.0,True,75,city,PI
Caraúbas do Piauí,2202539,27,460.1227,2020-06-26,0.0,0,5868.0,True,30,city,PI
Caridade do Piauí,2202554,9,177.61989,2020-06-26,0.0,0,5067.0,True,20,city,PI
Castelo do Piauí,2202604,20,101.44045,2020-06-26,0.0,0,19716.0,True,65,city,PI
Caxingó,2202653,27,497.78761,2020-06-26,0.0,0,5424.0,True,25,city,PI
Cocal,2202703,100,359.88052,2020-06-26,0.02,2,27787.0,True,54,city,PI
Cocal de Telha,2202711,28,572.48007,2020-06-26,0.0,0,4891.0,True,50,city,PI
Cocal dos Alves,2202729,2,32.50447,2020-06-26,0.0,0,6153.0,True,56,city,PI
Coivaras,2202737,27,671.64179,2020-06-26,0.0,0,4020.0,True,51,city,PI
Colônia do Gurguéia,2202752,4,61.69031,2020-06-26,0.25,1,6484.0,True,68,city,PI
Colônia do Piauí,2202778,11,143.67816,2020-06-26,0.0,0,7656.0,True,56,city,PI
Coronel José Dias,2202851,4,85.43358,2020-06-26,0.0,0,4682.0,True,5,city,PI
Corrente,2202901,38,142.62123,2020-06-26,0.0,0,26644.0,True,61,city,PI
Cristino Castro,2203107,9,86.3475,2020-06-26,0.1111,1,10423.0,True,35,city,PI
Curimatá,2203206,30,263.43519,2020-06-26,0.0,0,11388.0,True,39,city,PI
Currais,2203230,3,60.55713,2020-06-26,0.0,0,4954.0,True,51,city,PI
Curralinhos,2203255,12,270.08778,2020-06-26,0.0,0,4443.0,True,30,city,PI
Curral Novo do Piauí,2203271,2,37.43215,2020-06-26,0.0,0,5343.0,True,32,city,PI
Demerval Lobão,2203305,284,2055.43895,2020-06-26,0.007,2,13817.0,True,72,city,PI
Dirceu Arcoverde,2203354,33,470.68892,2020-06-26,0.0,0,7011.0,True,42,city,PI
Dom Expedito Lopes,2203404,33,477.98378,2020-06-26,0.0,0,6904.0,True,47,city,PI
Domingos Mourão,2203420,1,22.96211,2020-06-26,0.0,0,4355.0,True,35,city,PI
Dom Inocêncio,2203453,12,125.57555,2020-06-26,0.0,0,9556.0,True,40,city,PI
Elesbão Veloso,2203503,55,376.66073,2020-06-26,0.0545,3,14602.0,True,62,city,PI
Esperantina,2203701,353,888.34084,2020-06-26,0.0255,9,39737.0,True,71,city,PI
Fartura do Piauí,2203750,3,56.52911,2020-06-26,0.0,0,5307.0,True,61,city,PI
Flores do Piauí,2203800,1,22.40645,2020-06-26,1.0,1,4463.0,True,21,city,PI
Floresta do Piauí,2203859,5,195.46521,2020-06-26,0.0,0,2558.0,True,17,city,PI
Floriano,2203909,157,261.95045,2020-06-26,0.0318,5,59935.0,True,69,city,PI
Francinópolis,2204006,22,411.36874,2020-06-26,0.0,0,5348.0,True,71,city,PI
Francisco Ayres,2204105,6,137.99448,2020-06-26,0.0,0,4348.0,True,58,city,PI
Francisco Santos,2204204,16,171.69224,2020-06-26,0.0,0,9319.0,True,55,city,PI
Fronteiras,2204303,74,636.55914,2020-06-26,0.0,0,11625.0,True,50,city,PI
Geminiano,2204352,2,36.75119,2020-06-26,0.0,0,5442.0,True,8,city,PI
Gilbués,2204402,9,84.19083,2020-06-26,0.0,0,10690.0,True,33,city,PI
Guadalupe,2204501,10,95.24717,2020-06-26,0.0,0,10499.0,True,32,city,PI
Hugo Napoleão,2204600,10,257.93139,2020-06-26,0.0,0,3877.0,True,39,city,PI
Ilha Grande,2204659,68,721.40887,2020-06-26,0.0147,1,9426.0,True,64,city,PI
Inhuma,2204709,50,326.6266,2020-06-26,0.02,1,15308.0,True,72,city,PI
Ipiranga do Piauí,2204808,17,173.2749,2020-06-26,0.0,0,9811.0,True,50,city,PI
Isaías Coelho,2204907,25,292.43186,2020-06-26,0.04,1,8549.0,True,30,city,PI
Itainópolis,2205003,5,43.36513,2020-06-26,0.0,0,11530.0,True,34,city,PI
Itaueira,2205102,2,18.15047,2020-06-26,0.5,1,11019.0,True,68,city,PI
Jaicós,2205201,2,10.46901,2020-06-26,0.0,0,19104.0,True,39,city,PI
Jatobá do Piauí,2205276,4,82.21994,2020-06-26,0.0,0,4865.0,True,20,city,PI
Jerumenha,2205300,3,67.38544,2020-06-26,0.0,0,4452.0,True,25,city,PI
Joaquim Pires,2205409,66,459.80215,2020-06-26,0.0,0,14354.0,True,38,city,PI
Joca Marques,2205458,12,220.46665,2020-06-26,0.0,0,5443.0,True,11,city,PI
José de Freitas,2205508,141,359.62049,2020-06-26,0.0284,4,39208.0,True,64,city,PI
Juazeiro do Piauí,2205516,9,164.29354,2020-06-26,0.0,0,5478.0,True,39,city,PI
Júlio Borges,2205524,6,106.62875,2020-06-26,0.3333,2,5627.0,True,56,city,PI
Lagoa Alegre,2205557,16,187.30976,2020-06-26,0.0,0,8542.0,True,10,city,PI
Lagoa de São Francisco,2205573,8,118.37822,2020-06-26,0.125,1,6758.0,True,28,city,PI
Lagoa do Barro do Piauí,2205565,81,1740.06445,2020-06-26,0.0,0,4655.0,True,69,city,PI
Lagoa do Piauí,2205581,68,1673.22835,2020-06-26,0.0147,1,4064.0,True,45,city,PI
Lagoa do Sítio,2205599,4,77.26483,2020-06-26,0.0,0,5177.0,True,42,city,PI
Lagoinha do Piauí,2205540,29,1019.33216,2020-06-26,0.0,0,2845.0,True,22,city,PI
Landri Sales,2205607,6,113.31445,2020-06-26,0.0,0,5295.0,True,43,city,PI
Luís Correia,2205706,179,590.54469,2020-06-26,0.0391,7,30311.0,True,71,city,PI
Luzilândia,2205805,347,1361.53182,2020-06-26,0.0202,7,25486.0,True,65,city,PI
Madeiro,2205854,76,914.56077,2020-06-26,0.0132,1,8310.0,True,34,city,PI
Manoel Emídio,2205904,16,299.12133,2020-06-26,0.125,2,5349.0,True,64,city,PI
Marcolândia,2205953,83,977.39049,2020-06-26,0.0241,2,8492.0,True,48,city,PI
Marcos Parente,2206001,6,131.89712,2020-06-26,0.0,0,4549.0,True,54,city,PI
Massapê do Piauí,2206050,1,15.52554,2020-06-26,0.0,0,6441.0,True,11,city,PI
Matias Olímpio,2206100,24,219.45867,2020-06-26,0.0833,2,10936.0,True,45,city,PI
Miguel Alves,2206209,188,556.87204,2020-06-26,0.0213,4,33760.0,True,68,city,PI
Miguel Leão,2206308,1,80.25682,2020-06-26,0.0,0,1246.0,True,3,city,PI
Milton Brandão,2206357,3,45.36519,2020-06-26,0.0,0,6613.0,True,32,city,PI
Monsenhor Gil,2206407,58,549.03446,2020-06-26,0.0345,2,10564.0,True,61,city,PI
Monsenhor Hipólito,2206506,33,425.8614,2020-06-26,0.0303,1,7749.0,True,56,city,PI
Monte Alegre do Piauí,2206605,10,94.22406,2020-06-26,0.0,0,10613.0,True,17,city,PI
Morro Cabeça no Tempo,2206654,11,242.71845,2020-06-26,0.0,0,4532.0,True,60,city,PI
Morro do Chapéu do Piauí,2206670,77,1133.01942,2020-06-26,0.0,0,6796.0,True,49,city,PI
Murici dos Portelas,2206696,10,109.18223,2020-06-26,0.1,1,9159.0,True,12,city,PI
Nazaré do Piauí,2206704,1,13.62583,2020-06-26,0.0,0,7339.0,True,65,city,PI
Nazária,2206720,11,128.35473,2020-06-26,0.1818,2,8570.0,True,67,city,PI
Nossa Senhora de Nazaré,2206753,11,225.87269,2020-06-26,0.0,0,4870.0,True,14,city,PI
Nossa Senhora dos Remédios,2206803,77,885.87207,2020-06-26,0.026,2,8692.0,True,39,city,PI
Nova Santa Rita,2207959,0,,2020-06-26,0.0,0,4374.0,True,40,city,PI
Novo Oriente do Piauí,2206902,11,167.55522,2020-06-26,0.0,0,6565.0,True,7,city,PI
Novo Santo Antônio,2206951,3,100.3009,2020-06-26,0.0,0,2991.0,True,35,city,PI
Oeiras,2207009,173,467.20138,2020-06-26,0.0116,2,37029.0,True,63,city,PI
Olho D'Água do Piauí,2207108,12,488.00325,2020-06-26,0.0833,1,2459.0,True,40,city,PI
Padre Marcos,2207207,7,101.92196,2020-06-26,0.1429,1,6868.0,True,38,city,PI
Paes Landim,2207306,1,24.21894,2020-06-26,0.0,0,4129.0,True,17,city,PI
Pajeú do Piauí,2207355,1,29.50723,2020-06-26,0.0,0,3389.0,True,8,city,PI
Palmeira do Piauí,2207405,3,59.4884,2020-06-26,0.0,0,5043.0,True,16,city,PI
Palmeirais,2207504,7,48.14636,2020-06-26,0.2857,2,14539.0,True,60,city,PI
Parnaguá,2207603,13,120.47076,2020-06-26,0.0,0,10791.0,True,38,city,PI
Parnaíba,2207702,2565,1675.61635,2020-06-26,0.0226,58,153078.0,True,90,city,PI
Passagem Franca do Piauí,2207751,13,301.41433,2020-06-26,0.0,0,4313.0,True,40,city,PI
Patos do Piauí,2207777,4,62.57822,2020-06-26,0.0,0,6392.0,True,18,city,PI
Pau D'Arco do Piauí,2207793,27,667.49073,2020-06-26,0.0,0,4045.0,True,44,city,PI
Paulistana,2207801,25,121.81455,2020-06-26,0.0,0,20523.0,True,39,city,PI
Pavussu,2207850,10,271.96084,2020-06-26,0.1,1,3677.0,True,43,city,PI
Pedro II,2207900,82,211.6566,2020-06-26,0.061,5,38742.0,True,69,city,PI
Pedro Laurentino,2207934,5,197.16088,2020-06-26,0.0,0,2536.0,True,38,city,PI
Picos,2208007,518,662.21779,2020-06-26,0.0193,10,78222.0,True,73,city,PI
Pimenteiras,2208106,119,981.28144,2020-06-26,0.0084,1,12127.0,True,75,city,PI
Pio IX,2208205,17,92.26594,2020-06-26,0.0588,1,18425.0,True,61,city,PI
Piracuruca,2208304,94,326.49092,2020-06-26,0.0532,5,28791.0,True,82,city,PI
Piripiri,2208403,290,454.95905,2020-06-26,0.0207,6,63742.0,True,63,city,PI
Porto,2208502,23,183.00446,2020-06-26,0.0,0,12568.0,True,55,city,PI
Prata do Piauí,2208601,3,95.20787,2020-06-26,0.0,0,3151.0,True,18,city,PI
Queimada Nova,2208650,41,455.96085,2020-06-26,0.0,0,8992.0,True,60,city,PI
Redenção do Gurguéia,2208700,6,68.3527,2020-06-26,0.0,0,8778.0,True,50,city,PI
Regeneração,2208809,20,111.24708,2020-06-26,0.0,0,17978.0,True,55,city,PI
Ribeira do Piauí,2208874,4,89.34554,2020-06-26,0.0,0,4477.0,True,70,city,PI
Ribeiro Gonçalves,2208908,96,1307.72374,2020-06-26,0.0208,2,7341.0,True,45,city,PI
Rio Grande do Piauí,2209005,13,202.11443,2020-06-26,0.0769,1,6432.0,True,63,city,PI
Santa Cruz do Piauí,2209104,4,64.10256,2020-06-26,0.0,0,6240.0,True,38,city,PI
Santa Filomena,2209203,2,31.98465,2020-06-26,0.0,0,6253.0,True,30,city,PI
Santa Luz,2209302,29,494.88055,2020-06-26,0.0345,1,5860.0,True,52,city,PI
Santana do Piauí,2209351,4,86.31852,2020-06-26,0.0,0,4634.0,True,31,city,PI
Santa Rosa do Piauí,2209377,3,57.06677,2020-06-26,0.0,0,5257.0,True,8,city,PI
Santo Antônio de Lisboa,2209401,3,46.76539,2020-06-26,0.0,0,6415.0,True,38,city,PI
Santo Antônio dos Milagres,2209450,1,46.27487,2020-06-26,0.0,0,2161.0,True,18,city,PI
Santo Inácio do Piauí,2209500,3,78.98894,2020-06-26,0.0,0,3798.0,True,13,city,PI
São Francisco de Assis do Piauí,2209658,3,52.12858,2020-06-26,0.0,0,5755.0,True,34,city,PI
São Francisco do Piauí,2209708,1,15.56905,2020-06-26,1.0,1,6423.0,True,62,city,PI
São Gonçalo do Gurguéia,2209757,4,131.53568,2020-06-26,0.0,0,3041.0,True,8,city,PI
São Gonçalo do Piauí,2209807,16,319.04287,2020-06-26,0.0625,1,5015.0,True,56,city,PI
São João da Canabrava,2209856,7,151.90972,2020-06-26,0.0,0,4608.0,True,43,city,PI
São João da Fronteira,2209872,11,182.05892,2020-06-26,0.0,0,6042.0,True,50,city,PI
São João da Serra,2209906,9,146.60368,2020-06-26,0.0,0,6139.0,True,23,city,PI
São João do Arraial,2209971,7,87.62048,2020-06-26,0.0,0,7989.0,True,28,city,PI
São João do Piauí,2210003,22,106.79093,2020-06-26,0.0,0,20601.0,True,57,city,PI
São José do Divino,2210052,6,112.23345,2020-06-26,0.3333,2,5346.0,True,91,city,PI
São José do Peixe,2210102,5,133.51135,2020-06-26,0.0,0,3745.0,True,51,city,PI
São José do Piauí,2210201,15,223.71365,2020-06-26,0.0,0,6705.0,True,71,city,PI
São Julião,2210300,20,314.31715,2020-06-26,0.05,1,6363.0,True,58,city,PI
São Lourenço do Piauí,2210359,1,21.86748,2020-06-26,0.0,0,4573.0,True,59,city,PI
São Luis do Piauí,2210375,1,37.82148,2020-06-26,0.0,0,2644.0,True,51,city,PI
São Miguel da Baixa Grande,2210383,3,122.3491,2020-06-26,0.0,0,2452.0,True,56,city,PI
São Miguel do Tapuio,2210409,3,16.98562,2020-06-26,0.0,0,17662.0,True,30,city,PI
São Pedro do Piauí,2210508,32,223.91715,2020-06-26,0.0312,1,14291.0,True,60,city,PI
São Raimundo Nonato,2210607,334,962.25872,2020-06-26,0.009,3,34710.0,True,74,city,PI
Sebastião Barros,2210623,1,28.82675,2020-06-26,1.0,1,3469.0,True,4,city,PI
Sigefredo Pacheco,2210656,6,59.755,2020-06-26,0.1667,1,10041.0,True,44,city,PI
Simões,2210706,27,184.51445,2020-06-26,0.0,0,14633.0,True,30,city,PI
Simplício Mendes,2210805,20,157.34403,2020-06-26,0.0,0,12711.0,True,49,city,PI
Socorro do Piauí,2210904,2,43.77325,2020-06-26,0.5,1,4569.0,True,45,city,PI
Sussuapara,2210938,13,193.16493,2020-06-26,0.0,0,6730.0,True,24,city,PI
Tanque do Piauí,2210979,2,72.33273,2020-06-26,0.0,0,2765.0,True,9,city,PI
Teresina,2211001,7098,820.7251,2020-06-26,0.0472,335,864845.0,True,99,city,PI
União,2211100,226,508.03642,2020-06-26,0.0265,6,44485.0,True,70,city,PI
Uruçuí,2211209,204,946.28444,2020-06-26,0.0245,5,21558.0,True,61,city,PI
Valença do Piauí,2211308,92,439.8126,2020-06-26,0.0217,2,20918.0,True,57,city,PI
Várzea Branca,2211357,2,40.42854,2020-06-26,0.5,1,4947.0,True,32,city,PI
Várzea Grande,2211407,2,45.54771,2020-06-26,0.0,0,4391.0,True,63,city,PI
Vera Mendes,2211506,4,129.99675,2020-06-26,0.0,0,3077.0,True,47,city,PI
Vila Nova do Piauí,2211605,40,1346.34803,2020-06-26,0.0,0,2971.0,True,55,city,PI
Wall Ferraz,2211704,6,134.46885,2020-06-26,0.0,0,4462.0,True,8,city,PI
,22,18665,570.23237,2020-06-26,0.0317,592,3273227.0,True,99,state,PI
,41,18672,163.30305,2020-06-26,0.0302,564,11433957.0,True,105,state,PR
Angra dos Reis,3300100,2100,1030.49783,2020-06-26,0.0371,78,203785.0,True,89,city,RJ
Aperibé,3300159,75,637.80934,2020-06-26,0.0133,1,11759.0,True,65,city,RJ
Araruama,3300209,326,246.22356,2020-06-26,0.1074,35,132400.0,True,85,city,RJ
Areal,3300225,88,699.96818,2020-06-26,0.0114,1,12572.0,True,73,city,RJ
Armação dos Búzios,3300233,176,519.63389,2020-06-26,0.0284,5,33870.0,True,74,city,RJ
Arraial do Cabo,3300258,69,227.3551,2020-06-26,0.058,4,30349.0,True,87,city,RJ
Barra do Piraí,3300308,358,356.66607,2020-06-26,0.0698,25,100374.0,True,85,city,RJ
Barra Mansa,3300407,435,235.88487,2020-06-26,0.069,30,184412.0,True,106,city,RJ
Belford Roxo,3300456,1404,274.80593,2020-06-26,0.1225,172,510906.0,True,93,city,RJ
Bom Jardim,3300506,49,178.53239,2020-06-26,0.0408,2,27446.0,True,81,city,RJ
Bom Jesus do Itabapoana,3300605,124,334.26785,2020-06-26,0.0161,2,37096.0,True,78,city,RJ
Cabo Frio,3300704,791,349.18883,2020-06-26,0.0442,35,226525.0,True,81,city,RJ
Cachoeiras de Macacu,3300803,325,551.43628,2020-06-26,0.0554,18,58937.0,True,78,city,RJ
Cambuci,3300902,51,328.92615,2020-06-26,0.0196,1,15505.0,True,44,city,RJ
Campos dos Goytacazes,3301009,1731,341.05149,2020-06-26,0.0479,83,507548.0,True,95,city,RJ
Cantagalo,3301108,21,104.1047,2020-06-26,0.0476,1,20172.0,True,79,city,RJ
Carapebus,3300936,130,797.49709,2020-06-26,0.0154,2,16301.0,True,73,city,RJ
Cardoso Moreira,3301157,112,873.43055,2020-06-26,0.0,0,12823.0,True,50,city,RJ
Carmo,3301207,61,322.83673,2020-06-26,0.0328,2,18895.0,True,56,city,RJ
Casimiro de Abreu,3301306,324,733.29712,2020-06-26,0.0309,10,44184.0,True,81,city,RJ
Comendador Levy Gasparian,3300951,46,537.32041,2020-06-26,0.0,0,8561.0,True,40,city,RJ
Conceição de Macabu,3301405,170,731.87532,2020-06-26,0.0059,1,23228.0,True,66,city,RJ
Cordeiro,3301504,32,145.94545,2020-06-26,0.0312,1,21926.0,True,62,city,RJ
Duas Barras,3301603,7,60.91194,2020-06-26,0.0,0,11492.0,True,31,city,RJ
Duque de Caxias,3301702,2988,324.92529,2020-06-26,0.1379,412,919596.0,True,95,city,RJ
Engenheiro Paulo de Frontin,3301801,53,378.51735,2020-06-26,0.0377,2,14002.0,True,53,city,RJ
Guapimirim,3301850,744,1229.40661,2020-06-26,0.0457,34,60517.0,True,100,city,RJ
Iguaba Grande,3301876,183,646.41469,2020-06-26,0.1093,20,28310.0,True,85,city,RJ
Importados/Indefinidos,,0,,2020-06-26,0.0,0,,True,98,city,RJ
Itaboraí,3301900,2417,1004.60531,2020-06-26,0.0501,121,240592.0,True,92,city,RJ
Itaguaí,3302007,1316,989.33235,2020-06-26,0.0578,76,133019.0,True,86,city,RJ
Italva,3302056,146,960.08417,2020-06-26,0.0205,3,15207.0,True,61,city,RJ
Itaocara,3302106,93,400.27546,2020-06-26,0.043,4,23234.0,True,57,city,RJ
Itaperuna,3302205,754,730.45028,2020-06-26,0.0013,1,103224.0,True,83,city,RJ
Itatiaia,3302254,32,100.61311,2020-06-26,0.0,0,31805.0,True,78,city,RJ
Japeri,3302270,171,163.21778,2020-06-26,0.1053,18,104768.0,True,81,city,RJ
Laje do Muriaé,3302304,115,1563.5622,2020-06-26,0.0,0,7355.0,True,47,city,RJ
Macaé,3302403,2034,792.45107,2020-06-26,0.0359,73,256672.0,True,88,city,RJ
Macuco,3302452,15,267.90498,2020-06-26,0.0,0,5599.0,True,65,city,RJ
Magé,3302502,1610,656.95247,2020-06-26,0.082,132,245071.0,True,86,city,RJ
Mangaratiba,3302601,329,739.85788,2020-06-26,0.0729,24,44468.0,True,91,city,RJ
Maricá,3302700,1190,738.18134,2020-06-26,0.0462,55,161207.0,True,90,city,RJ
Mendes,3302809,57,306.22112,2020-06-26,0.0351,2,18614.0,True,73,city,RJ
Mesquita,3302858,731,415.09798,2020-06-26,0.1436,105,176103.0,True,86,city,RJ
Miguel Pereira,3302908,84,328.92161,2020-06-26,0.0714,6,25538.0,True,99,city,RJ
Miracema,3303005,117,430.55862,2020-06-26,0.0,0,27174.0,True,58,city,RJ
Natividade,3303104,157,1025.0049,2020-06-26,0.0064,1,15317.0,True,50,city,RJ
Nilópolis,3303203,679,417.88473,2020-06-26,0.1119,76,162485.0,True,85,city,RJ
Niterói,3303302,6105,1188.70526,2020-06-26,0.03,183,513584.0,True,103,city,RJ
Nova Friburgo,3303401,425,222.9438,2020-06-26,0.0776,33,190631.0,True,84,city,RJ
Nova Iguaçu,3303500,3205,390.31674,2020-06-26,0.1036,332,821128.0,True,91,city,RJ
Paracambi,3303609,345,660.19863,2020-06-26,0.0638,22,52257.0,True,78,city,RJ
Paraíba do Sul,3303708,281,634.52636,2020-06-26,0.0427,12,44285.0,True,84,city,RJ
Paraty,3303807,232,537.47249,2020-06-26,0.0474,11,43165.0,True,79,city,RJ
Paty do Alferes,3303856,47,169.25348,2020-06-26,0.0851,4,27769.0,True,79,city,RJ
Petrópolis,3303906,799,260.94823,2020-06-26,0.1126,90,306191.0,True,98,city,RJ
Pinheiral,3303955,116,461.1226,2020-06-26,0.0086,1,25156.0,True,70,city,RJ
Piraí,3304003,176,601.15449,2020-06-26,0.0341,6,29277.0,True,76,city,RJ
Porciúncula,3304102,89,472.2237,2020-06-26,0.0225,2,18847.0,True,85,city,RJ
Porto Real,3304110,43,218.46263,2020-06-26,0.0233,1,19683.0,True,81,city,RJ
Quatis,3304128,24,167.8087,2020-06-26,0.0,0,14302.0,True,81,city,RJ
Queimados,3304144,1604,1067.06404,2020-06-26,0.0175,28,150319.0,True,89,city,RJ
Quissamã,3304151,194,785.4251,2020-06-26,0.0103,2,24700.0,True,73,city,RJ
Resende,3304201,390,296.93698,2020-06-26,0.059,23,131341.0,True,94,city,RJ
Rio Bonito,3304300,397,659.45748,2020-06-26,0.0504,20,60201.0,True,89,city,RJ
Rio Claro,3304409,126,680.01511,2020-06-26,0.0,0,18529.0,True,42,city,RJ
Rio das Flores,3304508,7,75.39854,2020-06-26,0.1429,1,9284.0,True,80,city,RJ
Rio das Ostras,3304524,766,508.38234,2020-06-26,0.0352,27,150674.0,True,90,city,RJ
Rio de Janeiro,3304557,55152,820.84828,2020-06-26,0.1136,6264,6718903.0,True,105,city,RJ
Santa Maria Madalena,3304607,23,221.06882,2020-06-26,0.0,0,10404.0,True,62,city,RJ
Santo Antônio de Pádua,3304706,356,838.06116,2020-06-26,0.0084,3,42479.0,True,68,city,RJ
São Fidélis,3304805,144,372.39132,2020-06-26,0.0,0,38669.0,True,76,city,RJ
São Francisco de Itabapoana,3304755,179,424.12036,2020-06-26,0.0615,11,42205.0,True,78,city,RJ
São Gonçalo,3304904,4893,451.03467,2020-06-26,0.0805,394,1084839.0,True,96,city,RJ
São João da Barra,3305000,252,698.02227,2020-06-26,0.0278,7,36102.0,True,83,city,RJ
São João de Meriti,3305109,1601,338.9034,2020-06-26,0.1174,188,472406.0,True,89,city,RJ
São José de Ubá,3305133,89,1241.11003,2020-06-26,0.0,0,7171.0,True,62,city,RJ
São José do Vale do Rio Preto,3305158,170,779.99541,2020-06-26,0.0647,11,21795.0,True,61,city,RJ
São Pedro da Aldeia,3305208,395,378.07726,2020-06-26,0.0203,8,104476.0,True,88,city,RJ
São Sebastião do Alto,3305307,10,106.87186,2020-06-26,0.1,1,9357.0,True,64,city,RJ
Sapucaia,3305406,151,828.39587,2020-06-26,0.0927,14,18228.0,True,81,city,RJ
Saquarema,3305505,227,254.56992,2020-06-26,0.0837,19,89170.0,True,76,city,RJ
Seropédica,3305554,429,521.18768,2020-06-26,0.0536,23,82312.0,True,90,city,RJ
Silva Jardim,3305604,106,486.81914,2020-06-26,0.0377,4,21774.0,True,73,city,RJ
Sumidouro,3305703,28,179.22294,2020-06-26,0.0714,2,15623.0,True,79,city,RJ
Tanguá,3305752,352,1025.96986,2020-06-26,0.0795,28,34309.0,True,83,city,RJ
Teresópolis,3305802,973,532.87622,2020-06-26,0.0452,44,182594.0,True,89,city,RJ
Trajano de Moraes,3305901,34,319.96989,2020-06-26,0.0,0,10626.0,True,83,city,RJ
Três Rios,3306008,415,507.31016,2020-06-26,0.0434,18,81804.0,True,85,city,RJ
Valença,3306107,180,235.2234,2020-06-26,0.0389,7,76523.0,True,94,city,RJ
Varre-Sai,3306156,42,381.81818,2020-06-26,0.0,0,11000.0,True,40,city,RJ
Vassouras,3306206,272,737.20729,2020-06-26,0.0478,13,36896.0,True,65,city,RJ
Volta Redonda,3306305,1633,598.14221,2020-06-26,0.0343,56,273012.0,True,95,city,RJ
,33,108497,628.42374,2020-06-26,0.0884,9587,17264943.0,True,106,state,RJ
,11,19271,1084.33091,2020-06-26,0.0247,476,1777225.0,True,93,state,RO
Água Santa,4300059,18,480.25614,2020-06-26,0.0,0,3748.0,True,50,city,RS
Agudo,4300109,2,12.14993,2020-06-26,0.0,0,16461.0,True,29,city,RS
Ajuricaba,4300208,2,28.4738,2020-06-26,0.0,0,7024.0,True,75,city,RS
Alecrim,4300307,2,33.61345,2020-06-26,0.0,0,5950.0,True,40,city,RS
Alegrete,4300406,42,57.07375,2020-06-26,0.119,5,73589.0,True,87,city,RS
Alegria,4300455,1,28.86836,2020-06-26,0.0,0,3464.0,True,1,city,RS
Alpestre,4300505,15,239.69319,2020-06-26,0.0,0,6258.0,True,53,city,RS
Alto Feliz,4300570,5,165.1255,2020-06-26,0.0,0,3028.0,True,8,city,RS
Alvorada,4300604,327,155.48846,2020-06-26,0.0245,8,210305.0,True,100,city,RS
Ametista do Sul,4300646,10,134.97098,2020-06-26,0.0,0,7409.0,True,50,city,RS
André da Rocha,4300661,0,,2020-06-26,0.0,0,1333.0,True,10,city,RS
Anta Gorda,4300703,9,150.47651,2020-06-26,0.0,0,5981.0,True,95,city,RS
Antônio Prado,4300802,11,84.29119,2020-06-26,0.0,0,13050.0,True,52,city,RS
Araricá,4300877,8,140.40014,2020-06-26,0.125,1,5698.0,True,26,city,RS
Aratiba,4300901,8,128.30794,2020-06-26,0.0,0,6235.0,True,25,city,RS
Arroio do Meio,4301008,144,692.14131,2020-06-26,0.0,0,20805.0,True,69,city,RS
Arroio do Sal,4301057,12,119.22504,2020-06-26,0.0833,1,10065.0,True,83,city,RS
Arroio dos Ratos,4301107,13,91.8663,2020-06-26,0.0769,1,14151.0,True,80,city,RS
Arroio Grande,4301305,6,32.79943,2020-06-26,0.0,0,18293.0,True,28,city,RS
Arvorezinha,4301404,6,57.55948,2020-06-26,0.0,0,10424.0,True,63,city,RS
Áurea,4301552,1,28.13731,2020-06-26,0.0,0,3554.0,True,42,city,RS
Bagé,4301602,103,85.02348,2020-06-26,0.0,0,121143.0,True,100,city,RS
Balneário Pinhal,4301636,10,71.08331,2020-06-26,0.0,0,14068.0,True,30,city,RS
Barão,4301651,8,129.63863,2020-06-26,0.0,0,6171.0,True,25,city,RS
Barão de Cotegipe,4301701,56,845.53828,2020-06-26,0.0179,1,6623.0,True,43,city,RS
Barracão,4301800,5,94.78673,2020-06-26,0.0,0,5275.0,True,22,city,RS
Barra do Ribeiro,4301909,14,103.77289,2020-06-26,0.0,0,13491.0,True,45,city,RS
Barra Funda,4301958,1,39.38558,2020-06-26,0.0,0,2539.0,True,8,city,RS
Barros Cassal,4302006,2,17.85874,2020-06-26,0.5,1,11199.0,True,56,city,RS
Benjamin Constant do Sul,4302055,20,1003.00903,2020-06-26,0.0,0,1994.0,True,38,city,RS
Bento Gonçalves,4302105,1060,880.00398,2020-06-26,0.0274,29,120454.0,True,99,city,RS
Boa Vista das Missões,4302154,2,95.32888,2020-06-26,0.0,0,2098.0,True,38,city,RS
Boa Vista do Sul,4302253,13,467.12181,2020-06-26,0.0769,1,2783.0,True,58,city,RS
Bom Jesus,4302303,48,422.94475,2020-06-26,0.0,0,11349.0,True,49,city,RS
Bom Princípio,4302352,61,434.00925,2020-06-26,0.0,0,14055.0,True,52,city,RS
Bom Progresso,4302378,5,257.46653,2020-06-26,0.0,0,1942.0,True,38,city,RS
Bom Retiro do Sul,4302402,75,608.37119,2020-06-26,0.0133,1,12328.0,True,79,city,RS
Bossoroca,4302501,3,47.77831,2020-06-26,0.0,0,6279.0,True,26,city,RS
Braga,4302600,2,59.64808,2020-06-26,0.0,0,3353.0,True,35,city,RS
Brochier,4302659,13,256.20812,2020-06-26,0.0,0,5074.0,True,43,city,RS
Butiá,4302709,22,105.05707,2020-06-26,0.0455,1,20941.0,True,48,city,RS
Caçapava do Sul,4302808,126,374.73233,2020-06-26,0.0159,2,33624.0,True,53,city,RS
Cacequi,4302907,2,15.9223,2020-06-26,0.0,0,12561.0,True,6,city,RS
Cachoeira do Sul,4303004,97,118.00343,2020-06-26,0.0,0,82201.0,True,92,city,RS
Cachoeirinha,4303103,290,222.57527,2020-06-26,0.0138,4,130293.0,True,88,city,RS
Cacique Doble,4303202,10,197.43337,2020-06-26,0.0,0,5065.0,True,30,city,RS
Caibaté,4303301,0,,2020-06-26,0.0,0,4846.0,True,43,city,RS
Caiçara,4303400,6,126.50221,2020-06-26,0.0,0,4743.0,True,7,city,RS
Camaquã,4303509,57,86.02345,2020-06-26,0.0702,4,66261.0,True,95,city,RS
Camargo,4303558,19,695.20673,2020-06-26,0.0,0,2733.0,True,43,city,RS
Cambará do Sul,4303608,3,46.64904,2020-06-26,0.0,0,6431.0,True,22,city,RS
Campestre da Serra,4303673,9,265.64345,2020-06-26,0.0,0,3388.0,True,64,city,RS
Campinas do Sul,4303806,9,165.0165,2020-06-26,0.0,0,5454.0,True,66,city,RS
Campo Bom,4303905,161,241.33589,2020-06-26,0.0435,7,66712.0,True,106,city,RS
Campo Novo,4304002,4,89.20607,2020-06-26,0.0,0,4484.0,True,36,city,RS
Candelária,4304200,10,31.88267,2020-06-26,0.0,0,31365.0,True,73,city,RS
Cândido Godói,4304309,1,16.13424,2020-06-26,0.0,0,6198.0,True,8,city,RS
Candiota,4304358,4,41.73623,2020-06-26,0.0,0,9584.0,True,61,city,RS
Canela,4304408,24,53.3357,2020-06-26,0.0417,1,44998.0,True,34,city,RS
Canguçu,4304507,32,57.09698,2020-06-26,0.0625,2,56045.0,True,91,city,RS
Canoas,4304606,454,130.98068,2020-06-26,0.0308,14,346616.0,True,98,city,RS
Canudos do Vale,4304614,4,233.10023,2020-06-26,0.0,0,1716.0,True,56,city,RS
Capão da Canoa,4304630,52,98.02258,2020-06-26,0.0577,3,53049.0,True,96,city,RS
Capão do Cipó,4304655,2,54.77951,2020-06-26,0.0,0,3651.0,True,11,city,RS
Capão do Leão,4304663,4,15.7766,2020-06-26,0.0,0,25354.0,True,88,city,RS
Capela de Santana,4304689,1,8.37521,2020-06-26,0.0,0,11940.0,True,29,city,RS
Capitão,4304697,16,580.34095,2020-06-26,0.0,0,2757.0,True,47,city,RS
Caraá,4304713,15,181.37848,2020-06-26,0.0,0,8270.0,True,21,city,RS
Carazinho,4304705,83,133.63388,2020-06-26,0.0,0,62110.0,True,69,city,RS
Carlos Barbosa,4304804,267,894.98207,2020-06-26,0.0262,7,29833.0,True,98,city,RS
Casca,4304903,14,155.02159,2020-06-26,0.0,0,9031.0,True,43,city,RS
Caseiros,4304952,10,312.30481,2020-06-26,0.0,0,3202.0,True,50,city,RS
Catuípe,4305009,6,68.38386,2020-06-26,0.0,0,8774.0,True,12,city,RS
Caxias do Sul,4305108,897,175.57046,2020-06-26,0.0167,15,510906.0,True,104,city,RS
Centenário,4305116,2,69.18021,2020-06-26,0.0,0,2891.0,True,19,city,RS
Cerrito,4305124,0,,2020-06-26,0.0,0,6091.0,True,12,city,RS
Cerro Grande do Sul,4305173,2,16.3412,2020-06-26,0.5,1,12239.0,True,94,city,RS
Cerro Largo,4305207,3,21.22692,2020-06-26,0.0,0,14133.0,True,10,city,RS
Chapada,4305306,6,64.7319,2020-06-26,0.0,0,9269.0,True,73,city,RS
Charqueadas,4305355,36,88.25909,2020-06-26,0.0278,1,40789.0,True,98,city,RS
Chiapetta,4305405,21,559.10543,2020-06-26,0.0,0,3756.0,True,23,city,RS
Chuí,4305439,2,29.83294,2020-06-26,0.0,0,6704.0,True,1,city,RS
Chuvisca,4305447,6,110.27385,2020-06-26,0.0,0,5441.0,True,4,city,RS
Cidreira,4305454,29,178.41762,2020-06-26,0.0345,1,16254.0,True,79,city,RS
Ciríaco,4305504,7,147.46155,2020-06-26,0.0,0,4747.0,True,62,city,RS
Colinas,4305587,14,574.24118,2020-06-26,0.0,0,2438.0,True,61,city,RS
Colorado,4305603,4,125.98425,2020-06-26,0.0,0,3175.0,True,33,city,RS
Condor,4305702,25,370.20583,2020-06-26,0.04,1,6753.0,True,47,city,RS
Constantina,4305801,31,312.78378,2020-06-26,0.0323,1,9911.0,True,22,city,RS
Coqueiros do Sul,4305850,5,216.82567,2020-06-26,0.2,1,2306.0,True,25,city,RS
Coronel Barros,4305871,2,79.39659,2020-06-26,0.0,0,2519.0,True,4,city,RS
Coronel Bicaco,4305900,4,54.60751,2020-06-26,0.0,0,7325.0,True,62,city,RS
Coronel Pilar,4305934,2,122.85012,2020-06-26,0.0,0,1628.0,True,16,city,RS
Cotiporã,4305959,8,207.63042,2020-06-26,0.0,0,3853.0,True,11,city,RS
Coxilha,4305975,28,1015.96517,2020-06-26,0.0357,1,2756.0,True,50,city,RS
Crissiumal,4306007,6,44.6163,2020-06-26,0.0,0,13448.0,True,43,city,RS
Cristal do Sul,4306072,2,70.24939,2020-06-26,0.0,0,2847.0,True,12,city,RS
Cruz Alta,4306106,126,208.95869,2020-06-26,0.0317,4,60299.0,True,62,city,RS
Cruzaltense,4306130,8,436.44299,2020-06-26,0.0,0,1833.0,True,37,city,RS
Cruzeiro do Sul,4306205,103,834.14318,2020-06-26,0.0388,4,12348.0,True,96,city,RS
David Canabarro,4306304,8,168.77637,2020-06-26,0.0,0,4740.0,True,25,city,RS
Derrubadas,4306320,1,35.65062,2020-06-26,0.0,0,2805.0,True,61,city,RS
Dois Irmãos,4306403,29,88.76374,2020-06-26,0.0345,1,32671.0,True,98,city,RS
Dois Irmãos das Missões,4306429,0,,2020-06-26,0.0,0,2026.0,True,9,city,RS
Dois Lajeados,4306452,3,88.23529,2020-06-26,0.0,0,3400.0,True,18,city,RS
Dom Feliciano,4306502,3,19.46283,2020-06-26,0.0,0,15414.0,True,49,city,RS
Dom Pedrito,4306601,22,57.2008,2020-06-26,0.0455,1,38461.0,True,94,city,RS
Dom Pedro de Alcântara,4306551,1,39.4633,2020-06-26,0.0,0,2534.0,True,16,city,RS
Doutor Maurício Cardoso,4306734,6,131.89712,2020-06-26,0.3333,2,4549.0,True,55,city,RS
Doutor Ricardo,4306759,5,252.14322,2020-06-26,0.0,0,1983.0,True,50,city,RS
Eldorado do Sul,4306767,51,123.53155,2020-06-26,0.0196,1,41285.0,True,98,city,RS
Encantado,4306809,130,572.53589,2020-06-26,0.0308,4,22706.0,True,81,city,RS
Encruzilhada do Sul,4306908,27,104.33976,2020-06-26,0.037,1,25877.0,True,77,city,RS
Engenho Velho,4306924,1,96.7118,2020-06-26,0.0,0,1034.0,True,7,city,RS
Entre-Ijuís,4306932,20,235.9882,2020-06-26,0.0,0,8475.0,True,30,city,RS
Entre Rios do Sul,4306957,21,752.149,2020-06-26,0.0,0,2792.0,True,27,city,RS
Erebango,4306973,13,434.63725,2020-06-26,0.0,0,2991.0,True,43,city,RS
Erechim,4307005,488,460.9775,2020-06-26,0.0061,3,105862.0,True,100,city,RS
Ernestina,4307054,4,126.26263,2020-06-26,0.0,0,3168.0,True,65,city,RS
Erval Grande,4307203,12,246.9644,2020-06-26,0.0,0,4859.0,True,37,city,RS
Esmeralda,4307401,3,91.40768,2020-06-26,0.3333,1,3282.0,True,29,city,RS
Esperança do Sul,4307450,19,649.35065,2020-06-26,0.0526,1,2926.0,True,47,city,RS
Espumoso,4307500,18,115.47344,2020-06-26,0.0556,1,15588.0,True,75,city,RS
Estação,4307559,21,352.46727,2020-06-26,0.0,0,5958.0,True,50,city,RS
Estância Velha,4307609,58,115.94898,2020-06-26,0.0,0,50022.0,True,97,city,RS
Esteio,4307708,168,201.91822,2020-06-26,0.0417,7,83202.0,True,83,city,RS
Estrela,4307807,212,621.40931,2020-06-26,0.0094,2,34116.0,True,98,city,RS
Eugênio de Castro,4307831,1,41.73623,2020-06-26,0.0,0,2396.0,True,51,city,RS
Farroupilha,4307906,430,594.48922,2020-06-26,0.0116,5,72331.0,True,100,city,RS
Faxinal do Soturno,4308003,1,14.97679,2020-06-26,0.0,0,6677.0,True,10,city,RS
Faxinalzinho,4308052,26,1123.11015,2020-06-26,0.0,0,2315.0,True,30,city,RS
Fazenda Vilanova,4308078,10,220.60446,2020-06-26,0.0,0,4533.0,True,53,city,RS
Feliz,4308102,18,132.87075,2020-06-26,0.0,0,13547.0,True,60,city,RS
Flores da Cunha,4308201,74,240.68954,2020-06-26,0.0135,1,30745.0,True,72,city,RS
Floriano Peixoto,4308250,17,962.62741,2020-06-26,0.0,0,1766.0,True,64,city,RS
Fontoura Xavier,4308300,12,116.45963,2020-06-26,0.0,0,10304.0,True,47,city,RS
Formigueiro,4308409,79,1185.47419,2020-06-26,0.0,0,6664.0,True,36,city,RS
Forquetinha,4308433,1,41.45937,2020-06-26,0.0,0,2412.0,True,10,city,RS
Frederico Westphalen,4308508,100,319.35618,2020-06-26,0.02,2,31313.0,True,50,city,RS
Garibaldi,4308607,555,1582.54919,2020-06-26,0.009,5,35070.0,True,95,city,RS
Gaurama,4308706,27,487.89302,2020-06-26,0.0,0,5534.0,True,38,city,RS
General Câmara,4308805,31,369.70781,2020-06-26,0.0323,1,8385.0,True,53,city,RS
Gentil,4308854,11,673.19461,2020-06-26,0.0,0,1634.0,True,38,city,RS
Getúlio Vargas,4308904,23,141.87022,2020-06-26,0.0435,1,16212.0,True,63,city,RS
Giruá,4309001,10,62.48438,2020-06-26,0.2,2,16004.0,True,28,city,RS
Glorinha,4309050,5,61.74364,2020-06-26,0.0,0,8098.0,True,80,city,RS
Gramado,4309100,17,46.91985,2020-06-26,0.0,0,36232.0,True,43,city,RS
Gramado dos Loureiros,4309126,27,1296.82997,2020-06-26,0.0,0,2082.0,True,45,city,RS
Gramado Xavier,4309159,1,23.12139,2020-06-26,0.0,0,4325.0,True,37,city,RS
Gravataí,4309209,319,113.31384,2020-06-26,0.0313,10,281519.0,True,94,city,RS
Guabiju,4309258,2,133.0672,2020-06-26,0.0,0,1503.0,True,50,city,RS
Guaíba,4309308,99,100.87322,2020-06-26,0.0707,7,98143.0,True,86,city,RS
Guaporé,4309407,135,524.74054,2020-06-26,0.0,0,25727.0,True,41,city,RS
Guarani das Missões,4309506,1,13.26788,2020-06-26,1.0,1,7537.0,True,15,city,RS
Harmonia,4309555,12,246.60912,2020-06-26,0.0,0,4866.0,True,81,city,RS
Horizontina,4309605,17,87.95075,2020-06-26,0.0588,1,19329.0,True,61,city,RS
Hulha Negra,4309654,2,29.51594,2020-06-26,0.5,1,6776.0,True,43,city,RS
Humaitá,4309704,7,146.99706,2020-06-26,0.0,0,4762.0,True,47,city,RS
Ibiaçá,4309803,11,233.59524,2020-06-26,0.0,0,4709.0,True,22,city,RS
Ibiraiaras,4309902,2,27.54062,2020-06-26,0.0,0,7262.0,True,25,city,RS
Ibirapuitã,4309951,27,672.81336,2020-06-26,0.0741,2,4013.0,True,70,city,RS
Ibirubá,4310009,54,265.35627,2020-06-26,0.037,2,20350.0,True,47,city,RS
Igrejinha,4310108,9,24.3909,2020-06-26,0.0,0,36899.0,True,30,city,RS
Ijuí,4310207,149,178.49656,2020-06-26,0.0067,1,83475.0,True,58,city,RS
Imbé,4310330,24,105.26316,2020-06-26,0.0,0,22800.0,True,76,city,RS
Imigrante,4310363,10,320.51282,2020-06-26,0.0,0,3120.0,True,50,city,RS
Independência,4310405,1,16.21534,2020-06-26,0.0,0,6167.0,True,29,city,RS
Inhacorá,4310413,2,89.84726,2020-06-26,0.0,0,2226.0,True,25,city,RS
Ipê,4310439,4,60.24096,2020-06-26,0.0,0,6640.0,True,8,city,RS
Iraí,4310504,7,96.67173,2020-06-26,0.0,0,7241.0,True,11,city,RS
Itaara,4310538,10,181.85125,2020-06-26,0.1,1,5499.0,True,11,city,RS
Itacurubi,4310553,18,519.48052,2020-06-26,0.1111,2,3465.0,True,22,city,RS
Itaqui,4310603,21,55.82137,2020-06-26,0.0,0,37620.0,True,48,city,RS
Itati,4310652,9,372.05457,2020-06-26,0.0,0,2419.0,True,30,city,RS
Itatiba do Sul,4310702,9,270.75812,2020-06-26,0.0,0,3324.0,True,23,city,RS
Ivoti,4310801,44,181.12213,2020-06-26,0.0227,1,24293.0,True,99,city,RS
Jaboticaba,4310850,3,78.74016,2020-06-26,0.0,0,3810.0,True,37,city,RS
Jacutinga,4310900,5,140.41,2020-06-26,0.0,0,3561.0,True,21,city,RS
Jaguarão,4311007,2,7.49625,2020-06-26,0.0,0,26680.0,True,21,city,RS
Jaguari,4311106,19,175.14749,2020-06-26,0.2105,4,10848.0,True,59,city,RS
Jaquirana,4311122,2,53.82131,2020-06-26,0.0,0,3716.0,True,37,city,RS
Jóia,4311155,1,11.68224,2020-06-26,0.0,0,8560.0,True,16,city,RS
Júlio de Castilhos,4311205,15,77.74841,2020-06-26,0.0,0,19293.0,True,38,city,RS
Lagoão,4311254,0,,2020-06-26,0.0,0,6452.0,True,11,city,RS
Lagoa Vermelha,4311304,37,133.06002,2020-06-26,0.027,1,27807.0,True,50,city,RS
Lajeado,4311403,1610,1916.34728,2020-06-26,0.013,21,84014.0,True,98,city,RS
Lajeado do Bugre,4311429,3,117.00468,2020-06-26,0.0,0,2564.0,True,8,city,RS
Lavras do Sul,4311502,23,307.48663,2020-06-26,0.0,0,7480.0,True,43,city,RS
Liberato Salzano,4311601,1,19.16076,2020-06-26,0.0,0,5219.0,True,21,city,RS
Lindolfo Collor,4311627,8,132.14404,2020-06-26,0.125,1,6054.0,True,9,city,RS
Machadinho,4311700,7,128.55831,2020-06-26,0.0,0,5445.0,True,50,city,RS
Manoel Viana,4311759,3,41.10152,2020-06-26,0.3333,1,7299.0,True,9,city,RS
Maquiné,4311775,18,268.09651,2020-06-26,0.0,0,6714.0,True,38,city,RS
Maratá,4311791,10,371.60907,2020-06-26,0.0,0,2691.0,True,66,city,RS
Marau,4311809,551,1247.70725,2020-06-26,0.0181,10,44161.0,True,93,city,RS
Marcelino Ramos,4311908,13,295.32031,2020-06-26,0.0,0,4402.0,True,62,city,RS
Mariana Pimentel,4311981,5,128.70013,2020-06-26,0.4,2,3885.0,True,16,city,RS
Mariano Moro,4312005,16,787.78927,2020-06-26,0.0,0,2031.0,True,38,city,RS
Marques de Souza,4312054,8,199.55101,2020-06-26,0.0,0,4009.0,True,49,city,RS
Mato Castelhano,4312138,3,118.11024,2020-06-26,0.3333,1,2540.0,True,58,city,RS
Mato Leitão,4312153,18,398.6711,2020-06-26,0.0,0,4515.0,True,38,city,RS
Maximiliano de Almeida,4312203,7,159.92689,2020-06-26,0.0,0,4377.0,True,43,city,RS
Minas do Leão,4312252,14,173.37461,2020-06-26,0.0,0,8075.0,True,82,city,RS
Miraguaí,4312302,2,40.60914,2020-06-26,0.0,0,4925.0,True,38,city,RS
Montauri,4312351,7,481.76187,2020-06-26,0.0,0,1453.0,True,46,city,RS
Monte Alegre dos Campos,4312377,1,30.99814,2020-06-26,0.0,0,3226.0,True,24,city,RS
Monte Belo do Sul,4312385,9,353.21821,2020-06-26,0.1111,1,2548.0,True,58,city,RS
Montenegro,4312401,140,214.51336,2020-06-26,0.0071,1,65264.0,True,79,city,RS
Mormaço,4312427,3,97.24473,2020-06-26,0.0,0,3085.0,True,53,city,RS
Morrinhos do Sul,4312443,5,169.549,2020-06-26,0.0,0,2949.0,True,38,city,RS
Morro Reuter,4312476,9,140.47136,2020-06-26,0.0,0,6407.0,True,30,city,RS
Mostardas,4312500,1,7.81006,2020-06-26,0.0,0,12804.0,True,15,city,RS
Muçum,4312609,23,464.2713,2020-06-26,0.0,0,4954.0,True,71,city,RS
Muliterno,4312625,5,264.13101,2020-06-26,0.0,0,1893.0,True,42,city,RS
Não-Me-Toque,4312658,41,232.63731,2020-06-26,0.0244,1,17624.0,True,69,city,RS
Nicolau Vergueiro,4312674,2,118.90606,2020-06-26,0.0,0,1682.0,True,73,city,RS
Nonoai,4312708,87,743.90765,2020-06-26,0.023,2,11695.0,True,50,city,RS
Nova Alvorada,4312757,21,579.31034,2020-06-26,0.0476,1,3625.0,True,22,city,RS
Nova Araçá,4312807,441,9266.65266,2020-06-26,0.0023,1,4759.0,True,54,city,RS
Nova Bassano,4312906,54,544.57443,2020-06-26,0.0,0,9916.0,True,47,city,RS
Nova Bréscia,4313003,11,330.33033,2020-06-26,0.0,0,3330.0,True,64,city,RS
Nova Candelária,4313011,2,74.12898,2020-06-26,0.0,0,2698.0,True,4,city,RS
Nova Hartz,4313060,26,120.28684,2020-06-26,0.0,0,21615.0,True,31,city,RS
Nova Pádua,4313086,1,39.1696,2020-06-26,0.0,0,2553.0,True,11,city,RS
Nova Palma,4313102,0,,2020-06-26,0.0,0,6512.0,True,93,city,RS
Nova Petrópolis,4313201,11,51.51501,2020-06-26,0.0909,1,21353.0,True,38,city,RS
Nova Prata,4313300,124,454.92901,2020-06-26,0.0081,1,27257.0,True,64,city,RS
Nova Roma do Sul,4313359,2,54.21523,2020-06-26,0.0,0,3689.0,True,11,city,RS
Nova Santa Rita,4313375,14,47.78157,2020-06-26,0.0714,1,29300.0,True,38,city,RS
Novo Barreiro,4313490,2,48.03074,2020-06-26,0.0,0,4164.0,True,37,city,RS
Novo Hamburgo,4313409,573,232.22073,2020-06-26,0.0279,16,246748.0,True,90,city,RS
Novo Machado,4313425,1,30.09329,2020-06-26,0.0,0,3323.0,True,16,city,RS
Novo Xingu,4313466,0,,2020-06-26,0.0,0,1719.0,True,38,city,RS
Osório,4313508,158,343.52307,2020-06-26,0.0127,2,45994.0,True,96,city,RS
Paim Filho,4313607,5,130.61651,2020-06-26,0.0,0,3828.0,True,50,city,RS
Palmares do Sul,4313656,5,44.17742,2020-06-26,0.0,0,11318.0,True,22,city,RS
Palmeira das Missões,4313706,168,504.45906,2020-06-26,0.0238,4,33303.0,True,59,city,RS
Palmitinho,4313805,3,42.51098,2020-06-26,0.0,0,7057.0,True,9,city,RS
Panambi,4313904,27,61.83159,2020-06-26,0.0,0,43667.0,True,31,city,RS
Pantano Grande,4313953,1,10.90037,2020-06-26,0.0,0,9174.0,True,27,city,RS
Paraí,4314001,29,378.73841,2020-06-26,0.0,0,7657.0,True,95,city,RS
Paraíso do Sul,4314027,2,26.27776,2020-06-26,0.0,0,7611.0,True,50,city,RS
Pareci Novo,4314035,2,52.12406,2020-06-26,0.0,0,3837.0,True,81,city,RS
Parobé,4314050,29,49.76661,2020-06-26,0.0345,1,58272.0,True,37,city,RS
Passo do Sobrado,4314076,1,15.30222,2020-06-26,0.0,0,6535.0,True,21,city,RS
Passo Fundo,4314100,1680,826.46661,2020-06-26,0.025,42,203275.0,True,93,city,RS
Paulo Bento,4314134,1,43.61099,2020-06-26,0.0,0,2293.0,True,10,city,RS
Paverama,4314159,46,542.00542,2020-06-26,0.0652,3,8487.0,True,51,city,RS
Pedro Osório,4314209,0,,2020-06-26,0.0,0,7730.0,True,4,city,RS
Pejuçara,4314308,1,25.81311,2020-06-26,0.0,0,3874.0,True,1,city,RS
Pelotas,4314407,233,68.04807,2020-06-26,0.0086,2,342405.0,True,94,city,RS
Picada Café,4314423,2,34.83107,2020-06-26,0.0,0,5742.0,True,4,city,RS
Pinhal,4314456,2,77.54944,2020-06-26,0.0,0,2579.0,True,14,city,RS
Pinheirinho do Vale,4314498,2,41.05933,2020-06-26,0.0,0,4871.0,True,16,city,RS
Pinheiro Machado,4314506,2,16.29859,2020-06-26,0.0,0,12271.0,True,25,city,RS
Pinto Bandeira,4314548,4,133.20013,2020-06-26,0.25,1,3003.0,True,53,city,RS
Piratini,4314605,6,29.03741,2020-06-26,0.0,0,20663.0,True,93,city,RS
Planalto,4314704,41,406.58469,2020-06-26,0.0244,1,10084.0,True,50,city,RS
Poço das Antas,4314753,51,2430.88656,2020-06-26,0.0,0,2098.0,True,55,city,RS
Pontão,4314779,12,307.37705,2020-06-26,0.0833,1,3904.0,True,63,city,RS
Ponte Preta,4314787,10,646.41241,2020-06-26,0.0,0,1547.0,True,22,city,RS
Portão,4314803,51,137.54416,2020-06-26,0.0196,1,37079.0,True,47,city,RS
Porto Alegre,4314902,2383,160.6043,2020-06-26,0.0319,76,1483771.0,True,105,city,RS
Porto Mauá,4315057,1,42.123,2020-06-26,0.0,0,2374.0,True,38,city,RS
Porto Xavier,4315107,33,322.07691,2020-06-26,0.0,0,10246.0,True,17,city,RS
Pouso Novo,4315131,3,183.03844,2020-06-26,0.0,0,1639.0,True,53,city,RS
Presidente Lucena,4315149,28,965.18442,2020-06-26,0.0,0,2901.0,True,12,city,RS
Progresso,4315156,23,368.35362,2020-06-26,0.0,0,6244.0,True,47,city,RS
Protásio Alves,4315172,5,256.80534,2020-06-26,0.0,0,1947.0,True,23,city,RS
Quaraí,4315305,22,96.97183,2020-06-26,0.0909,2,22687.0,True,64,city,RS
Quatro Irmãos,4315313,1,54.08329,2020-06-26,0.0,0,1849.0,True,26,city,RS
Quevedos,4315321,2,71.73601,2020-06-26,0.0,0,2788.0,True,4,city,RS
Quinze de Novembro,4315354,1,26.34352,2020-06-26,0.0,0,3796.0,True,11,city,RS
Redentora,4315404,5,43.29379,2020-06-26,0.0,0,11549.0,True,37,city,RS
Restinga Sêca,4315503,22,139.33751,2020-06-26,0.0455,1,15789.0,True,46,city,RS
Rio dos Índios,4315552,6,218.02326,2020-06-26,0.0,0,2752.0,True,38,city,RS
Rio Grande,4315602,180,85.30604,2020-06-26,0.0111,2,211005.0,True,96,city,RS
Rio Pardo,4315701,16,41.80274,2020-06-26,0.0,0,38275.0,True,75,city,RS
Roca Sales,4315800,31,272.0969,2020-06-26,0.0645,2,11393.0,True,57,city,RS
Rodeio Bonito,4315909,1,17.04449,2020-06-26,0.0,0,5867.0,True,7,city,RS
Rolante,4316006,17,79.62902,2020-06-26,0.0,0,21349.0,True,93,city,RS
Ronda Alta,4316105,32,301.85832,2020-06-26,0.0,0,10601.0,True,43,city,RS
Rondinha,4316204,4,77.97271,2020-06-26,0.0,0,5130.0,True,25,city,RS
Roque Gonzales,4316303,4,58.41975,2020-06-26,0.0,0,6847.0,True,18,city,RS
Rosário do Sul,4316402,3,7.60996,2020-06-26,0.0,0,39422.0,True,67,city,RS
Sagrada Família,4316428,2,76.65772,2020-06-26,0.0,0,2609.0,True,18,city,RS
Saldanha Marinho,4316436,37,1396.22642,2020-06-26,0.1081,4,2650.0,True,59,city,RS
Salto do Jacuí,4316451,25,200.81934,2020-06-26,0.0,0,12449.0,True,38,city,RS
Salvador do Sul,4316501,4,51.28863,2020-06-26,0.0,0,7799.0,True,64,city,RS
Sananduva,4316600,33,202.82729,2020-06-26,0.0,0,16270.0,True,83,city,RS
Santa Bárbara do Sul,4316709,3,37.52815,2020-06-26,0.0,0,7994.0,True,62,city,RS
Santa Cecília do Sul,4316733,15,915.19219,2020-06-26,0.0,0,1639.0,True,30,city,RS
Santa Clara do Sul,4316758,23,348.32652,2020-06-26,0.0,0,6603.0,True,65,city,RS
Santa Cruz do Sul,4316808,141,108.11557,2020-06-26,0.0071,1,130416.0,True,83,city,RS
Santa Maria,4316907,548,194.24152,2020-06-26,0.031,17,282123.0,True,97,city,RS
Santa Maria do Herval,4316956,13,205.33881,2020-06-26,0.0,0,6331.0,True,14,city,RS
Sant'Ana do Livramento,4317103,121,157.08777,2020-06-26,0.0165,2,77027.0,True,99,city,RS
Santa Rosa,4317202,79,107.84394,2020-06-26,0.0253,2,73254.0,True,92,city,RS
Santa Tereza,4317251,12,694.0428,2020-06-26,0.0833,1,1729.0,True,53,city,RS
Santa Vitória do Palmar,4317301,17,57.28535,2020-06-26,0.0,0,29676.0,True,29,city,RS
Santiago,4317400,88,178.04755,2020-06-26,0.0,0,49425.0,True,96,city,RS
Santo Ângelo,4317509,163,210.0705,2020-06-26,0.0859,14,77593.0,True,60,city,RS
Santo Antônio da Patrulha,4317608,37,86.25915,2020-06-26,0.027,1,42894.0,True,97,city,RS
Santo Antônio das Missões,4317707,1,9.82801,2020-06-26,0.0,0,10175.0,True,2,city,RS
Santo Antônio do Palma,4317558,15,704.88722,2020-06-26,0.0,0,2128.0,True,37,city,RS
Santo Augusto,4317806,2,14.40403,2020-06-26,0.5,1,13885.0,True,24,city,RS
Santo Cristo,4317905,6,42.08459,2020-06-26,0.0,0,14257.0,True,75,city,RS
São Borja,4318002,44,72.99028,2020-06-26,0.0455,2,60282.0,True,47,city,RS
São Domingos do Sul,4318051,15,487.96357,2020-06-26,0.0,0,3074.0,True,88,city,RS
São Francisco de Assis,4318101,5,27.27025,2020-06-26,0.2,1,18335.0,True,20,city,RS
São Francisco de Paula,4318200,13,59.88024,2020-06-26,0.0,0,21710.0,True,28,city,RS
São Gabriel,4318309,197,317.20473,2020-06-26,0.0406,8,62105.0,True,86,city,RS
São Jerônimo,4318408,32,131.96965,2020-06-26,0.0312,1,24248.0,True,43,city,RS
São João da Urtiga,4318424,3,64.41915,2020-06-26,0.0,0,4657.0,True,37,city,RS
São Jorge,4318440,13,460.33994,2020-06-26,0.0,0,2824.0,True,83,city,RS
São José das Missões,4318457,1,39.41663,2020-06-26,0.0,0,2537.0,True,58,city,RS
São José do Herval,4318465,14,710.29934,2020-06-26,0.0,0,1971.0,True,43,city,RS
São José do Hortêncio,4318481,7,145.71191,2020-06-26,0.0,0,4804.0,True,24,city,RS
São José do Norte,4318507,8,29.01915,2020-06-26,0.0,0,27568.0,True,30,city,RS
São José do Ouro,4318606,2,28.84754,2020-06-26,0.0,0,6933.0,True,32,city,RS
São José do Sul,4318614,3,124.58472,2020-06-26,0.0,0,2408.0,True,5,city,RS
São Leopoldo,4318705,694,293.03101,2020-06-26,0.0159,11,236835.0,True,98,city,RS
São Lourenço do Sul,4318804,15,34.41788,2020-06-26,0.0,0,43582.0,True,82,city,RS
São Luiz Gonzaga,4318903,17,50.79479,2020-06-26,0.0588,1,33468.0,True,54,city,RS
São Marcos,4319000,44,204.1195,2020-06-26,0.0,0,21556.0,True,54,city,RS
São Martinho,4319109,10,184.29783,2020-06-26,0.0,0,5426.0,True,31,city,RS
São Martinho da Serra,4319125,5,154.6073,2020-06-26,0.0,0,3234.0,True,25,city,RS
São Miguel das Missões,4319158,3,39.09814,2020-06-26,0.0,0,7673.0,True,1,city,RS
São Paulo das Missões,4319307,1,17.27116,2020-06-26,0.0,0,5790.0,True,16,city,RS
São Pedro da Serra,4319356,12,315.70639,2020-06-26,0.0,0,3801.0,True,28,city,RS
São Pedro do Sul,4319406,1,6.1736,2020-06-26,0.0,0,16198.0,True,23,city,RS
São Sebastião do Caí,4319505,61,237.4927,2020-06-26,0.0164,1,25685.0,True,87,city,RS
São Sepé,4319604,46,194.74197,2020-06-26,0.0435,2,23621.0,True,31,city,RS
São Valentim,4319703,25,757.8054,2020-06-26,0.04,1,3299.0,True,37,city,RS
São Valentim do Sul,4319711,3,133.8091,2020-06-26,0.0,0,2242.0,True,48,city,RS
São Valério do Sul,4319737,1,36.67033,2020-06-26,0.0,0,2727.0,True,50,city,RS
São Vendelino,4319752,5,222.91574,2020-06-26,0.0,0,2243.0,True,43,city,RS
São Vicente do Sul,4319802,2,22.93315,2020-06-26,0.5,1,8721.0,True,28,city,RS
Sapiranga,4319901,53,64.8445,2020-06-26,0.0189,1,81734.0,True,101,city,RS
Sapucaia do Sul,4320008,274,194.22293,2020-06-26,0.0365,10,141075.0,True,86,city,RS
Sarandi,4320107,65,265.42529,2020-06-26,0.0154,1,24489.0,True,78,city,RS
Seberi,4320206,15,139.53488,2020-06-26,0.0667,1,10750.0,True,38,city,RS
Selbach,4320305,3,58.82353,2020-06-26,0.0,0,5100.0,True,30,city,RS
Serafina Corrêa,4320404,183,1045.59479,2020-06-26,0.0055,1,17502.0,True,98,city,RS
Sério,4320453,4,203.8736,2020-06-26,0.0,0,1962.0,True,53,city,RS
Sertão,4320503,31,572.48384,2020-06-26,0.0323,1,5415.0,True,53,city,RS
Sertão Santana,4320552,1,15.41782,2020-06-26,0.0,0,6486.0,True,4,city,RS
Severiano de Almeida,4320602,1,27.34482,2020-06-26,0.0,0,3657.0,True,2,city,RS
Soledade,4320800,42,135.47513,2020-06-26,0.0238,1,31002.0,True,70,city,RS
Tabaí,4320859,12,254.29116,2020-06-26,0.0,0,4719.0,True,82,city,RS
Tapejara,4320909,153,634.56514,2020-06-26,0.0065,1,24111.0,True,63,city,RS
Tapera,4321006,7,66.13757,2020-06-26,0.0,0,10584.0,True,22,city,RS
Tapes,4321105,4,23.12139,2020-06-26,0.0,0,17300.0,True,22,city,RS
Taquara,4321204,16,27.84255,2020-06-26,0.0,0,57466.0,True,100,city,RS
Taquari,4321303,143,532.35053,2020-06-26,0.014,2,26862.0,True,89,city,RS
Tenente Portela,4321402,24,177.97553,2020-06-26,0.0,0,13485.0,True,35,city,RS
Terra de Areia,4321436,25,223.13459,2020-06-26,0.0,0,11204.0,True,54,city,RS
Teutônia,4321451,261,785.38758,2020-06-26,0.0,0,33232.0,True,75,city,RS
Tio Hugo,4321469,5,165.0165,2020-06-26,0.2,1,3030.0,True,73,city,RS
Tiradentes do Sul,4321477,13,227.91024,2020-06-26,0.1538,2,5704.0,True,24,city,RS
Torres,4321501,69,178.14727,2020-06-26,0.0145,1,38732.0,True,98,city,RS
Tramandaí,4321600,52,100.5511,2020-06-26,0.0577,3,51715.0,True,86,city,RS
Travesseiro,4321626,2,85.61644,2020-06-26,0.0,0,2336.0,True,30,city,RS
Três Arroios,4321634,5,187.4063,2020-06-26,0.0,0,2668.0,True,54,city,RS
Três Cachoeiras,4321667,46,416.1766,2020-06-26,0.0217,1,11053.0,True,63,city,RS
Três de Maio,4321808,6,25.0983,2020-06-26,0.0,0,23906.0,True,29,city,RS
Três Forquilhas,4321832,5,185.39118,2020-06-26,0.0,0,2697.0,True,53,city,RS
Três Palmeiras,4321857,44,1030.2037,2020-06-26,0.0,0,4271.0,True,62,city,RS
Três Passos,4321907,281,1175.43713,2020-06-26,0.0071,2,23906.0,True,53,city,RS
Trindade do Sul,4321956,65,1120.30334,2020-06-26,0.0308,2,5802.0,True,62,city,RS
Triunfo,4322004,57,192.97177,2020-06-26,0.0175,1,29538.0,True,66,city,RS
Tucunduva,4322103,1,17.61184,2020-06-26,0.0,0,5678.0,True,65,city,RS
Tunas,4322152,14,306.41278,2020-06-26,0.1429,2,4569.0,True,60,city,RS
Tupanciretã,4322202,11,45.93285,2020-06-26,0.0909,1,23948.0,True,37,city,RS
Tupandi,4322251,10,205.97322,2020-06-26,0.0,0,4855.0,True,81,city,RS
Unistalda,4322376,2,85.5432,2020-06-26,0.0,0,2338.0,True,8,city,RS
Uruguaiana,4322400,72,56.70631,2020-06-26,0.0,0,126970.0,True,86,city,RS
Vacaria,4322509,130,196.32124,2020-06-26,0.0462,6,66218.0,True,80,city,RS
Vale Real,4322541,1,16.91189,2020-06-26,0.0,0,5913.0,True,30,city,RS
Vale Verde,4322525,12,343.15127,2020-06-26,0.0833,1,3497.0,True,35,city,RS
Vanini,4322558,4,189.30431,2020-06-26,0.0,0,2113.0,True,50,city,RS
Venâncio Aires,4322608,255,356.37421,2020-06-26,0.0275,7,71554.0,True,75,city,RS
Vera Cruz,4322707,4,14.89037,2020-06-26,0.0,0,26863.0,True,45,city,RS
Veranópolis,4322806,76,289.62311,2020-06-26,0.0,0,26241.0,True,76,city,RS
Vespasiano Corrêa,4322855,7,385.67493,2020-06-26,0.0,0,1815.0,True,25,city,RS
Viadutos,4322905,6,126.15643,2020-06-26,0.1667,1,4756.0,True,37,city,RS
Viamão,4323002,154,60.33915,2020-06-26,0.0844,13,255224.0,True,96,city,RS
Victor Graeff,4323200,4,138.79251,2020-06-26,0.0,0,2882.0,True,67,city,RS
